t,inp_mag,tgt_x,tgt_y,tgt_z,tgt_rx,tgt_ry,tgt_rz,act_x,act_y,act_z,act_rx,act_ry,act_rz
0.00012,0,0.168897,-0.245626,0.369406,3.119,-0.029,1.842,0.16889,-0.245627,0.369394,3.12,-0.03,1.842
0.01018,0,0.168897,-0.245626,0.369406,3.119,-0.029,1.842,0.16889,-0.245627,0.369394,3.12,-0.03,1.842
0.02024,0,0.168897,-0.245626,0.369406,3.119,-0.029,1.842,0.16889,-0.245627,0.369394,3.12,-0.03,1.842
0.0303,0,0.168897,-0.245626,0.369406,3.119,-0.029,1.842,0.1689,-0.245617,0.369401,3.119,-0.03,1.842
0.04037,0,0.168897,-0.245626,0.369406,3.119,-0.029,1.842,0.1689,-0.245617,0.369401,3.119,-0.03,1.842
0.05043,0,0.168897,-0.245626,0.369406,3.119,-0.029,1.842,0.1689,-0.245617,0.369401,3.119,-0.03,1.842
0.06049,0,0.168897,-0.245626,0.369406,3.119,-0.029,1.842,0.1689,-0.245617,0.369401,3.119,-0.03,1.842
0.07054,0,0.168897,-0.245626,0.369406,3.119,-0.029,1.842,0.1689,-0.245617,0.369401,3.119,-0.03,1.842
0.08059,0,0.168897,-0.245626,0.369406,3.119,-0.029,1.842,0.1689,-0.245617,0.369401,3.119,-0.03,1.842
0.09064,0,0.168897,-0.245626,0.369406,3.119,-0.029,1.842,0.1689,-0.245617,0.369401,3.119,-0.03,1.842
0.1007,0,0.168897,-0.245626,0.369406,3.119,-0.029,1.842,0.1689,-0.245617,0.369401,3.119,-0.03,1.842
0.11075,0,0.168897,-0.245626,0.369406,3.119,-0.029,1.842,0.1689,-0.245617,0.369401,3.119,-0.03,1.842
0.1208,0,0.168897,-0.245626,0.369406,3.119,-0.029,1.842,0.1689,-0.245617,0.369401,3.119,-0.03,1.842
0.13086,0,0.168897,-0.245626,0.369406,3.119,-0.029,1.842,0.1689,-0.245617,0.369401,3.119,-0.03,1.842
0.14091,0,0.168897,-0.245626,0.369406,3.119,-0.029,1.842,0.1689,-0.245617,0.369401,3.119,-0.03,1.842
0.15097,0,0.168897,-0.245626,0.369406,3.119,-0.029,1.842,0.1689,-0.245617,0.369401,3.119,-0.03,1.842
0.16102,0,0.168897,-0.245626,0.369406,3.119,-0.029,1.842,0.1689,-0.245617,0.369401,3.119,-0.03,1.842
0.17108,0,0.168897,-0.245626,0.369406,3.119,-0.029,1.842,0.1689,-0.245617,0.369401,3.119,-0.03,1.842
0.18113,0,0.168897,-0.245626,0.369406,3.119,-0.029,1.842,0.1689,-0.245617,0.369401,3.119,-0.03,1.842
0.19119,0,0.168897,-0.245626,0.369406,3.119,-0.029,1.842,0.1689,-0.245617,0.369401,3.119,-0.03,1.842
0.20124,0,0.168897,-0.245626,0.369406,3.119,-0.029,1.842,0.1689,-0.245617,0.369401,3.119,-0.03,1.842
0.21129,0,0.168897,-0.245626,0.369406,3.119,-0.029,1.842,0.1689,-0.245617,0.369401,3.119,-0.03,1.842
0.22135,0,0.168897,-0.245626,0.369406,3.119,-0.029,1.842,0.1689,-0.245617,0.369401,3.119,-0.03,1.842
0.2314,0,0.168897,-0.245626,0.369406,3.119,-0.029,1.842,0.1689,-0.245617,0.369401,3.119,-0.03,1.842
0.24146,0,0.168897,-0.245626,0.369406,3.119,-0.029,1.842,0.1689,-0.245617,0.369401,3.119,-0.03,1.842
0.25151,0,0.168897,-0.245626,0.369406,3.119,-0.029,1.842,0.1689,-0.245617,0.369401,3.119,-0.03,1.842
0.26155,0,0.168897,-0.245626,0.369406,3.119,-0.029,1.842,0.1689,-0.245617,0.369401,3.119,-0.03,1.842
0.2716,0,0.168897,-0.245626,0.369406,3.119,-0.029,1.842,0.168848,-0.245749,0.369562,3.111,-0.019,1.84
0.28166,0,0.168897,-0.245626,0.369406,3.119,-0.029,1.842,0.168848,-0.245749,0.369562,3.111,-0.019,1.84
0.29171,0,0.168897,-0.245626,0.369406,3.119,-0.029,1.842,0.168848,-0.245749,0.369562,3.111,-0.019,1.84
0.30177,0,0.168897,-0.245626,0.369406,3.119,-0.029,1.842,0.168848,-0.245749,0.369562,3.111,-0.019,1.84
0.31182,0,0.168897,-0.245626,0.369406,3.119,-0.029,1.842,0.168848,-0.245749,0.369562,3.111,-0.019,1.84
0.32187,0,0.168897,-0.245626,0.369406,3.119,-0.029,1.842,0.168848,-0.245749,0.369562,3.111,-0.019,1.84
0.33193,0,0.168897,-0.245626,0.369406,3.119,-0.029,1.842,0.168848,-0.245749,0.369562,3.111,-0.019,1.84
0.34198,0,0.168897,-0.245626,0.369406,3.119,-0.029,1.842,0.168848,-0.245749,0.369562,3.111,-0.019,1.84
0.35204,0,0.168897,-0.245626,0.369406,3.119,-0.029,1.842,0.168848,-0.245749,0.369562,3.111,-0.019,1.84
0.36209,0,0.168897,-0.245626,0.369406,3.119,-0.029,1.842,0.168848,-0.245749,0.369562,3.111,-0.019,1.84
0.37215,0,0.168897,-0.245626,0.369406,3.119,-0.029,1.842,0.168848,-0.245749,0.369562,3.111,-0.019,1.84
0.3822,0,0.168897,-0.245626,0.369406,3.119,-0.029,1.842,0.168848,-0.245749,0.369562,3.111,-0.019,1.84
0.39225,0,0.168897,-0.245626,0.369406,3.119,-0.029,1.842,0.168848,-0.245749,0.369562,3.111,-0.019,1.84
0.40231,0,0.168897,-0.245626,0.369406,3.119,-0.029,1.842,0.168848,-0.245749,0.369562,3.111,-0.019,1.84
0.41236,0,0.168897,-0.245626,0.369406,3.119,-0.029,1.842,0.168848,-0.245749,0.369562,3.111,-0.019,1.84
0.42242,0,0.168897,-0.245626,0.369406,3.119,-0.029,1.842,0.168848,-0.245749,0.369562,3.111,-0.019,1.84
0.43247,0,0.168897,-0.245626,0.369406,3.119,-0.029,1.842,0.168848,-0.245749,0.369562,3.111,-0.019,1.84
0.44253,0,0.168897,-0.245626,0.369406,3.119,-0.029,1.842,0.169188,-0.245989,0.369583,3.112,-0.019,1.841
0.45258,0,0.168897,-0.245626,0.369406,3.119,-0.029,1.842,0.169188,-0.245989,0.369583,3.112,-0.019,1.841
0.46264,0,0.168897,-0.245626,0.369406,3.119,-0.029,1.842,0.169188,-0.245989,0.369583,3.112,-0.019,1.841
0.47269,0,0.168897,-0.245626,0.369406,3.119,-0.029,1.842,0.169188,-0.245989,0.369583,3.112,-0.019,1.841
0.48275,0,0.168897,-0.245626,0.369406,3.119,-0.029,1.842,0.169188,-0.245989,0.369583,3.112,-0.019,1.841
0.4928,0,0.168897,-0.245626,0.369406,3.119,-0.029,1.842,0.169188,-0.245989,0.369583,3.112,-0.019,1.841
0.50286,0,0.168897,-0.245626,0.369406,3.119,-0.029,1.842,0.169188,-0.245989,0.369583,3.112,-0.019,1.841
0.51291,0,0.168897,-0.245626,0.369406,3.119,-0.029,1.842,0.169188,-0.245989,0.369583,3.112,-0.019,1.841
0.52297,0,0.168897,-0.245626,0.369406,3.119,-0.029,1.842,0.169188,-0.245989,0.369583,3.112,-0.019,1.841
0.53302,0,0.168897,-0.245626,0.369406,3.119,-0.029,1.842,0.169188,-0.245989,0.369583,3.112,-0.019,1.841
0.54308,0,0.168897,-0.245626,0.369406,3.119,-0.029,1.842,0.169188,-0.245989,0.369583,3.112,-0.019,1.841
0.55313,0,0.168897,-0.245626,0.369406,3.119,-0.029,1.842,0.169238,-0.245974,0.369445,3.114,-0.022,1.841
0.56319,0,0.168897,-0.245626,0.369406,3.119,-0.029,1.842,0.169238,-0.245974,0.369445,3.114,-0.022,1.841
0.57324,0,0.168897,-0.245626,0.369406,3.119,-0.029,1.842,0.169238,-0.245974,0.369445,3.114,-0.022,1.841
0.58329,0,0.168897,-0.245626,0.369406,3.119,-0.029,1.842,0.169238,-0.245974,0.369445,3.114,-0.022,1.841
0.59335,0,0.168897,-0.245626,0.369406,3.119,-0.029,1.842,0.169238,-0.245974,0.369445,3.114,-0.022,1.841
0.6034,0,0.168897,-0.245626,0.369406,3.119,-0.029,1.842,0.169238,-0.245974,0.369445,3.114,-0.022,1.841
0.61346,0,0.168897,-0.245626,0.369406,3.119,-0.029,1.842,0.169238,-0.245974,0.369445,3.114,-0.022,1.841
0.62352,0,0.168897,-0.245626,0.369406,3.119,-0.029,1.842,0.169238,-0.245974,0.369445,3.114,-0.022,1.841
0.63357,0,0.168897,-0.245626,0.369406,3.119,-0.029,1.842,0.169238,-0.245974,0.369445,3.114,-0.022,1.841
0.64363,0,0.168897,-0.245626,0.369406,3.119,-0.029,1.842,0.169238,-0.245974,0.369445,3.114,-0.022,1.841
0.65368,0,0.168897,-0.245626,0.369406,3.119,-0.029,1.842,0.169238,-0.245974,0.369445,3.114,-0.022,1.841
0.66374,0,0.168897,-0.245626,0.369406,3.119,-0.029,1.842,0.169238,-0.245974,0.369445,3.114,-0.022,1.841
0.67379,0,0.168897,-0.245626,0.369406,3.119,-0.029,1.842,0.169238,-0.245974,0.369445,3.114,-0.022,1.841
0.68385,0,0.168897,-0.245626,0.369406,3.119,-0.029,1.842,0.169238,-0.245974,0.369445,3.114,-0.022,1.841
0.6939,0,0.168897,-0.245626,0.369406,3.119,-0.029,1.842,0.169238,-0.245974,0.369445,3.114,-0.022,1.841
0.70396,0,0.168897,-0.245626,0.369406,3.119,-0.029,1.842,0.169238,-0.245974,0.369445,3.114,-0.022,1.841
0.71401,0,0.168897,-0.245626,0.369406,3.119,-0.029,1.842,0.169238,-0.245974,0.369445,3.114,-0.022,1.841
0.72406,0,0.168897,-0.245626,0.369406,3.119,-0.029,1.842,0.169238,-0.245974,0.369445,3.114,-0.022,1.841
0.73412,0,0.168897,-0.245626,0.369406,3.119,-0.029,1.842,0.169238,-0.245974,0.369445,3.114,-0.022,1.841
0.74417,0,0.168897,-0.245626,0.369406,3.119,-0.029,1.842,0.169202,-0.24587,0.369408,3.115,-0.024,1.841
0.75423,0,0.168897,-0.245626,0.369406,3.119,-0.029,1.842,0.169202,-0.24587,0.369408,3.115,-0.024,1.841
0.76428,0,0.168897,-0.245626,0.369406,3.119,-0.029,1.842,0.169202,-0.24587,0.369408,3.115,-0.024,1.841
0.77434,0,0.168897,-0.245626,0.369406,3.119,-0.029,1.842,0.169202,-0.24587,0.369408,3.115,-0.024,1.841
0.78439,0,0.168897,-0.245626,0.369406,3.119,-0.029,1.842,0.169202,-0.24587,0.369408,3.115,-0.024,1.841
0.79444,0,0.168897,-0.245626,0.369406,3.119,-0.029,1.842,0.169202,-0.24587,0.369408,3.115,-0.024,1.841
0.8045,0,0.168897,-0.245626,0.369406,3.119,-0.029,1.842,0.169202,-0.24587,0.369408,3.115,-0.024,1.841
0.81455,0,0.168897,-0.245626,0.369406,3.119,-0.029,1.842,0.169202,-0.24587,0.369408,3.115,-0.024,1.841
0.82461,0,0.168897,-0.245626,0.369406,3.119,-0.029,1.842,0.169202,-0.24587,0.369408,3.115,-0.024,1.841
0.83466,0,0.168897,-0.245626,0.369406,3.119,-0.029,1.842,0.169202,-0.24587,0.369408,3.115,-0.024,1.841
0.84472,0,0.168897,-0.245626,0.369406,3.119,-0.029,1.842,0.169202,-0.24587,0.369408,3.115,-0.024,1.841
0.85478,0,0.168897,-0.245626,0.369406,3.119,-0.029,1.842,0.169202,-0.24587,0.369408,3.115,-0.024,1.841
0.86483,0,0.168897,-0.245626,0.369406,3.119,-0.029,1.842,0.169202,-0.24587,0.369408,3.115,-0.024,1.841
0.87489,0,0.168897,-0.245626,0.369406,3.119,-0.029,1.842,0.169202,-0.24587,0.369408,3.115,-0.024,1.841
0.88494,0,0.168897,-0.245626,0.369406,3.119,-0.029,1.842,0.169202,-0.24587,0.369408,3.115,-0.024,1.841
0.895,0,0.168897,-0.245626,0.369406,3.119,-0.029,1.842,0.169202,-0.24587,0.369408,3.115,-0.024,1.841
0.90505,0,0.168897,-0.245626,0.369406,3.119,-0.029,1.842,0.169202,-0.24587,0.369408,3.115,-0.024,1.841
0.91511,0,0.168897,-0.245626,0.369406,3.119,-0.029,1.842,0.169202,-0.24587,0.369408,3.115,-0.024,1.841
0.92517,0,0.168897,-0.245626,0.369406,3.119,-0.029,1.842,0.169202,-0.24587,0.369408,3.115,-0.024,1.841
0.93522,0,0.168897,-0.245626,0.369406,3.119,-0.029,1.842,0.169202,-0.24587,0.369408,3.115,-0.024,1.841
0.94528,0,0.168897,-0.245626,0.369406,3.119,-0.029,1.842,0.169202,-0.24587,0.369408,3.115,-0.024,1.841
0.95533,0,0.168897,-0.245626,0.369406,3.119,-0.029,1.842,0.169202,-0.24587,0.369408,3.115,-0.024,1.841
0.96539,0,0.168897,-0.245626,0.369406,3.119,-0.029,1.842,0.169202,-0.24587,0.369408,3.115,-0.024,1.841
0.97544,0,0.168897,-0.245626,0.369406,3.119,-0.029,1.842,0.169202,-0.24587,0.369408,3.115,-0.024,1.841
0.9855,0,0.168897,-0.245626,0.369406,3.119,-0.029,1.842,0.169202,-0.24587,0.369408,3.115,-0.024,1.841
0.99555,0,0.168897,-0.245626,0.369406,3.119,-0.029,1.842,0.169202,-0.24587,0.369408,3.115,-0.024,1.841
1.0056,0,0.168897,-0.245626,0.369406,3.119,-0.029,1.842,0.169202,-0.24587,0.369408,3.115,-0.024,1.841
1.01566,0,0.168897,-0.245626,0.369406,3.119,-0.029,1.842,0.169169,-0.245751,0.369457,3.116,-0.025,1.842
1.02571,0,0.168897,-0.245626,0.369406,3.119,-0.029,1.842,0.169169,-0.245751,0.369457,3.116,-0.025,1.842
1.03577,0,0.168897,-0.245626,0.369406,3.119,-0.029,1.842,0.169169,-0.245751,0.369457,3.116,-0.025,1.842
1.04583,0,0.168897,-0.245626,0.369406,3.119,-0.029,1.842,0.169094,-0.245676,0.369448,3.116,-0.027,1.841
1.05588,0,0.168897,-0.245626,0.369406,3.119,-0.029,1.842,0.169094,-0.245676,0.369448,3.116,-0.027,1.841
1.06594,0,0.168897,-0.245626,0.369406,3.119,-0.029,1.842,0.169094,-0.245676,0.369448,3.116,-0.027,1.841
1.07599,0,0.168897,-0.245626,0.369406,3.119,-0.029,1.842,0.169094,-0.245676,0.369448,3.116,-0.027,1.841
1.08604,0,0.168897,-0.245626,0.369406,3.119,-0.029,1.842,0.169094,-0.245676,0.369448,3.116,-0.027,1.841
1.0961,0,0.168897,-0.245626,0.369406,3.119,-0.029,1.842,0.169094,-0.245676,0.369448,3.116,-0.027,1.841
1.10616,0,0.168897,-0.245626,0.369406,3.119,-0.029,1.842,0.169094,-0.245676,0.369448,3.116,-0.027,1.841
1.11622,0,0.168897,-0.245626,0.369406,3.119,-0.029,1.842,0.169094,-0.245676,0.369448,3.116,-0.027,1.841
1.12633,0,0.168897,-0.245626,0.369406,3.119,-0.029,1.842,0.169094,-0.245676,0.369448,3.116,-0.027,1.841
1.13638,0,0.168897,-0.245626,0.369406,3.119,-0.029,1.842,0.169094,-0.245676,0.369448,3.116,-0.027,1.841
1.1465,0,0.168897,-0.245626,0.369406,3.119,-0.029,1.842,0.169094,-0.245676,0.369448,3.116,-0.027,1.841
1.15655,0,0.168897,-0.245626,0.369406,3.119,-0.029,1.842,0.169094,-0.245676,0.369448,3.116,-0.027,1.841
1.16661,0,0.168897,-0.245626,0.369406,3.119,-0.029,1.842,0.169094,-0.245676,0.369448,3.116,-0.027,1.841
1.17666,0,0.168897,-0.245626,0.369406,3.119,-0.029,1.842,0.169094,-0.245676,0.369448,3.116,-0.027,1.841
1.18672,0,0.168897,-0.245626,0.369406,3.119,-0.029,1.842,0.169094,-0.245676,0.369448,3.116,-0.027,1.841
1.19677,0,0.168897,-0.245626,0.369406,3.119,-0.029,1.842,0.169094,-0.245676,0.369448,3.116,-0.027,1.841
1.20682,0,0.168897,-0.245626,0.369406,3.119,-0.029,1.842,0.169094,-0.245676,0.369448,3.116,-0.027,1.841
1.21687,0,0.168897,-0.245626,0.369406,3.119,-0.029,1.842,0.169094,-0.245676,0.369448,3.116,-0.027,1.841
1.22693,0,0.168897,-0.245626,0.369406,3.119,-0.029,1.842,0.169094,-0.245676,0.369448,3.116,-0.027,1.841
1.23698,0,0.168897,-0.245626,0.369406,3.119,-0.029,1.842,0.169094,-0.245676,0.369448,3.116,-0.027,1.841
1.24703,0,0.168897,-0.245626,0.369406,3.119,-0.029,1.842,0.169094,-0.245676,0.369448,3.116,-0.027,1.841
1.25709,0,0.168897,-0.245626,0.369406,3.119,-0.029,1.842,0.169024,-0.245661,0.369445,3.117,-0.027,1.841
1.26714,0,0.168897,-0.245626,0.369406,3.119,-0.029,1.842,0.169024,-0.245661,0.369445,3.117,-0.027,1.841
1.27719,0,0.168897,-0.245626,0.369406,3.119,-0.029,1.842,0.169024,-0.245661,0.369445,3.117,-0.027,1.841
1.28725,0,0.168897,-0.245626,0.369406,3.119,-0.029,1.842,0.169024,-0.245661,0.369445,3.117,-0.027,1.841
1.2973,0,0.168897,-0.245626,0.369406,3.119,-0.029,1.842,0.169024,-0.245661,0.369445,3.117,-0.027,1.841
1.30735,0,0.168897,-0.245626,0.369406,3.119,-0.029,1.842,0.169024,-0.245661,0.369445,3.117,-0.027,1.841
1.3174,0,0.168897,-0.245626,0.369406,3.119,-0.029,1.842,0.169024,-0.245661,0.369445,3.117,-0.027,1.841
1.32746,0,0.168897,-0.245626,0.369406,3.119,-0.029,1.842,0.169024,-0.245661,0.369445,3.117,-0.027,1.841
1.33751,0,0.168897,-0.245626,0.369406,3.119,-0.029,1.842,0.169024,-0.245661,0.369445,3.117,-0.027,1.841
1.34756,0,0.168897,-0.245626,0.369406,3.119,-0.029,1.842,0.169024,-0.245661,0.369445,3.117,-0.027,1.841
1.35761,0,0.168897,-0.245626,0.369406,3.119,-0.029,1.842,0.169024,-0.245661,0.369445,3.117,-0.027,1.841
1.36767,0,0.168897,-0.245626,0.369406,3.119,-0.029,1.842,0.169024,-0.245661,0.369445,3.117,-0.027,1.841
1.37772,0,0.168897,-0.245626,0.369406,3.119,-0.029,1.842,0.169024,-0.245661,0.369445,3.117,-0.027,1.841
1.38777,0,0.168897,-0.245626,0.369406,3.119,-0.029,1.842,0.169024,-0.245661,0.369445,3.117,-0.027,1.841
1.39783,0,0.168897,-0.245626,0.369406,3.119,-0.029,1.842,0.169024,-0.245661,0.369445,3.117,-0.027,1.841
1.40788,0,0.168897,-0.245626,0.369406,3.119,-0.029,1.842,0.169024,-0.245661,0.369445,3.117,-0.027,1.841
1.41793,0,0.168897,-0.245626,0.369406,3.119,-0.029,1.842,0.169024,-0.245661,0.369445,3.117,-0.027,1.841
1.42798,0,0.168897,-0.245626,0.369406,3.119,-0.029,1.842,0.169024,-0.245661,0.369445,3.117,-0.027,1.841
1.43804,0,0.168897,-0.245626,0.369406,3.119,-0.029,1.842,0.169024,-0.245661,0.369445,3.117,-0.027,1.841
1.44809,0,0.168897,-0.245626,0.369406,3.119,-0.029,1.842,0.169024,-0.245661,0.369445,3.117,-0.027,1.841
1.45814,0,0.168897,-0.245626,0.369406,3.119,-0.029,1.842,0.169024,-0.245661,0.369445,3.117,-0.027,1.841
1.4682,0,0.168897,-0.245626,0.369406,3.119,-0.029,1.842,0.169024,-0.245661,0.369445,3.117,-0.027,1.841
1.47825,0,0.168897,-0.245626,0.369406,3.119,-0.029,1.842,0.169024,-0.245661,0.369445,3.117,-0.027,1.841
1.4883,0,0.168897,-0.245626,0.369406,3.119,-0.029,1.842,0.169024,-0.245661,0.369445,3.117,-0.027,1.841
1.49836,0,0.168897,-0.245626,0.369406,3.119,-0.029,1.842,0.169024,-0.245661,0.369445,3.117,-0.027,1.841
1.50841,0,0.168897,-0.245626,0.369406,3.119,-0.029,1.842,0.169024,-0.245661,0.369445,3.117,-0.027,1.841
1.51846,0,0.168897,-0.245626,0.369406,3.119,-0.029,1.842,0.169024,-0.245661,0.369445,3.117,-0.027,1.841
1.52852,0,0.168897,-0.245626,0.369406,3.119,-0.029,1.842,0.169024,-0.245661,0.369445,3.117,-0.027,1.841
1.53857,0,0.168897,-0.245626,0.369406,3.119,-0.029,1.842,0.169024,-0.245661,0.369445,3.117,-0.027,1.841
1.54862,0,0.168897,-0.245626,0.369406,3.119,-0.029,1.842,0.169024,-0.245661,0.369445,3.117,-0.027,1.841
1.55867,0,0.168897,-0.245626,0.369406,3.119,-0.029,1.842,0.169024,-0.245661,0.369445,3.117,-0.027,1.841
1.56873,0,0.168897,-0.245626,0.369406,3.119,-0.029,1.842,0.169024,-0.245661,0.369445,3.117,-0.027,1.841
1.57878,0,0.168897,-0.245626,0.369406,3.119,-0.029,1.842,0.169024,-0.245661,0.369445,3.117,-0.027,1.841
1.58884,0,0.168897,-0.245626,0.369406,3.119,-0.029,1.842,0.16899,-0.24569,0.369412,3.117,-0.028,1.841
1.59889,0,0.168897,-0.245626,0.369406,3.119,-0.029,1.842,0.16899,-0.24569,0.369412,3.117,-0.028,1.841
1.60894,0,0.168897,-0.245626,0.369406,3.119,-0.029,1.842,0.16899,-0.24569,0.369412,3.117,-0.028,1.841
1.61899,0,0.168897,-0.245626,0.369406,3.119,-0.029,1.842,0.16899,-0.24569,0.369412,3.117,-0.028,1.841
1.62905,0,0.168897,-0.245626,0.369406,3.119,-0.029,1.842,0.16899,-0.24569,0.369412,3.117,-0.028,1.841
1.6391,0,0.168897,-0.245626,0.369406,3.119,-0.029,1.842,0.16899,-0.24569,0.369412,3.117,-0.028,1.841
1.64915,0,0.168897,-0.245626,0.369406,3.119,-0.029,1.842,0.16899,-0.24569,0.369412,3.117,-0.028,1.841
1.65921,0,0.168897,-0.245626,0.369406,3.119,-0.029,1.842,0.16899,-0.24569,0.369412,3.117,-0.028,1.841
1.66926,0,0.168897,-0.245626,0.369406,3.119,-0.029,1.842,0.16899,-0.24569,0.369412,3.117,-0.028,1.841
1.67931,0,0.168897,-0.245626,0.369406,3.119,-0.029,1.842,0.16899,-0.24569,0.369412,3.117,-0.028,1.841
1.68937,0,0.168897,-0.245626,0.369406,3.119,-0.029,1.842,0.16899,-0.24569,0.369412,3.117,-0.028,1.841
1.69942,0,0.168897,-0.245626,0.369406,3.119,-0.029,1.842,0.16899,-0.24569,0.369412,3.117,-0.028,1.841
1.70948,0,0.168897,-0.245626,0.369406,3.119,-0.029,1.842,0.16899,-0.24569,0.369412,3.117,-0.028,1.841
1.71953,0,0.168897,-0.245626,0.369406,3.119,-0.029,1.842,0.16899,-0.24569,0.369412,3.117,-0.028,1.841
1.72958,0,0.168897,-0.245626,0.369406,3.119,-0.029,1.842,0.168836,-0.245663,0.369418,3.119,-0.028,1.841
1.73964,0,0.168897,-0.245626,0.369406,3.119,-0.029,1.842,0.168836,-0.245663,0.369418,3.119,-0.028,1.841
1.74969,0,0.168897,-0.245626,0.369406,3.119,-0.029,1.842,0.168836,-0.245663,0.369418,3.119,-0.028,1.841
1.75975,0,0.168897,-0.245626,0.369406,3.119,-0.029,1.842,0.168836,-0.245663,0.369418,3.119,-0.028,1.841
1.7698,0,0.168897,-0.245626,0.369406,3.119,-0.029,1.842,0.168836,-0.245663,0.369418,3.119,-0.028,1.841
1.77983,0,0.168897,-0.245626,0.369406,3.119,-0.029,1.842,0.168836,-0.245663,0.369418,3.119,-0.028,1.841
1.78988,0,0.168897,-0.245626,0.369406,3.119,-0.029,1.842,0.168836,-0.245663,0.369418,3.119,-0.028,1.841
1.79993,0,0.168897,-0.245626,0.369406,3.119,-0.029,1.842,0.168836,-0.245663,0.369418,3.119,-0.028,1.841
1.80998,0,0.168897,-0.245626,0.369406,3.119,-0.029,1.842,0.168836,-0.245663,0.369418,3.119,-0.028,1.841
1.82004,0,0.168897,-0.245626,0.369406,3.119,-0.029,1.842,0.168836,-0.245663,0.369418,3.119,-0.028,1.841
1.83009,0,0.168897,-0.245626,0.369406,3.119,-0.029,1.842,0.168836,-0.245663,0.369418,3.119,-0.028,1.841
1.84014,0,0.168897,-0.245626,0.369406,3.119,-0.029,1.842,0.168836,-0.245663,0.369418,3.119,-0.028,1.841
1.85019,0,0.168897,-0.245626,0.369406,3.119,-0.029,1.842,0.168836,-0.245663,0.369418,3.119,-0.028,1.841
1.86025,0,0.168897,-0.245626,0.369406,3.119,-0.029,1.842,0.168836,-0.245663,0.369418,3.119,-0.028,1.841
1.8703,0,0.168897,-0.245626,0.369406,3.119,-0.029,1.842,0.168836,-0.245663,0.369418,3.119,-0.028,1.841
1.88035,0,0.168897,-0.245626,0.369406,3.119,-0.029,1.842,0.168836,-0.245663,0.369418,3.119,-0.028,1.841
1.89041,0,0.168897,-0.245626,0.369406,3.119,-0.029,1.842,0.168836,-0.245663,0.369418,3.119,-0.028,1.841
1.90046,0,0.168897,-0.245626,0.369406,3.119,-0.029,1.842,0.168836,-0.245663,0.369418,3.119,-0.028,1.841
1.91051,0,0.168897,-0.245626,0.369406,3.119,-0.029,1.842,0.168836,-0.245663,0.369418,3.119,-0.028,1.841
1.92057,0,0.168897,-0.245626,0.369406,3.119,-0.029,1.842,0.168836,-0.245663,0.369418,3.119,-0.028,1.841
1.93062,0,0.168897,-0.245626,0.369406,3.119,-0.029,1.842,0.168836,-0.245663,0.369418,3.119,-0.028,1.841
1.94067,0,0.168897,-0.245626,0.369406,3.119,-0.029,1.842,0.168801,-0.245676,0.369443,3.119,-0.028,1.841
1.95072,0,0.168897,-0.245626,0.369406,3.119,-0.029,1.842,0.168801,-0.245676,0.369443,3.119,-0.028,1.841
1.96075,0,0.168897,-0.245626,0.369406,3.119,-0.029,1.842,0.168801,-0.245676,0.369443,3.119,-0.028,1.841
1.97081,0,0.168897,-0.245626,0.369406,3.119,-0.029,1.842,0.168801,-0.245676,0.369443,3.119,-0.028,1.841
1.98083,0,0.168897,-0.245626,0.369406,3.119,-0.029,1.842,0.168801,-0.245676,0.369443,3.119,-0.028,1.841
1.99088,0,0.168897,-0.245626,0.369406,3.119,-0.029,1.842,0.168801,-0.245676,0.369443,3.119,-0.028,1.841
2.00099,0,0.168897,-0.245626,0.369406,3.119,-0.029,1.842,0.168801,-0.245676,0.369443,3.119,-0.028,1.841
2.01108,0,0.168897,-0.245626,0.369406,3.119,-0.029,1.842,0.168791,-0.245682,0.369433,3.119,-0.028,1.841
2.02119,0,0.168897,-0.245626,0.369406,3.119,-0.029,1.842,0.168791,-0.245682,0.369433,3.119,-0.028,1.841
2.03128,0,0.168897,-0.245626,0.369406,3.119,-0.029,1.842,0.168791,-0.245682,0.369433,3.119,-0.028,1.841
2.04137,0,0.168897,-0.245626,0.369406,3.119,-0.029,1.842,0.168791,-0.245682,0.369433,3.119,-0.028,1.841
2.05149,0,0.168897,-0.245626,0.369406,3.119,-0.029,1.842,0.168791,-0.245682,0.369433,3.119,-0.028,1.841
2.06158,0,0.168897,-0.245626,0.369406,3.119,-0.029,1.842,0.168791,-0.245682,0.369433,3.119,-0.028,1.841
2.07168,0,0.168897,-0.245626,0.369406,3.119,-0.029,1.842,0.168791,-0.245682,0.369433,3.119,-0.028,1.841
2.08177,0,0.168897,-0.245626,0.369406,3.119,-0.029,1.842,0.168791,-0.245682,0.369433,3.119,-0.028,1.841
2.09186,0,0.168897,-0.245626,0.369406,3.119,-0.029,1.842,0.168791,-0.245682,0.369433,3.119,-0.028,1.841
2.10195,0,0.168897,-0.245626,0.369406,3.119,-0.029,1.842,0.168791,-0.245682,0.369433,3.119,-0.028,1.841
2.11205,0,0.168897,-0.245626,0.369406,3.119,-0.029,1.842,0.168791,-0.245682,0.369433,3.119,-0.028,1.841
2.12214,0,0.168897,-0.245626,0.369406,3.119,-0.029,1.842,0.168791,-0.245682,0.369433,3.119,-0.028,1.841
2.13224,0,0.168897,-0.245626,0.369406,3.119,-0.029,1.842,0.168791,-0.245682,0.369433,3.119,-0.028,1.841
2.14234,0,0.168897,-0.245626,0.369406,3.119,-0.029,1.842,0.168791,-0.245682,0.369433,3.119,-0.028,1.841
2.15244,0,0.168897,-0.245626,0.369406,3.119,-0.029,1.842,0.168791,-0.245682,0.369433,3.119,-0.028,1.841
2.16253,0,0.168897,-0.245626,0.369406,3.119,-0.029,1.842,0.168791,-0.245682,0.369433,3.119,-0.028,1.841
2.17264,0,0.168897,-0.245626,0.369406,3.119,-0.029,1.842,0.168791,-0.245682,0.369433,3.119,-0.028,1.841
2.18274,0,0.168897,-0.245626,0.369406,3.119,-0.029,1.842,0.168791,-0.245682,0.369433,3.119,-0.028,1.841
2.19279,0,0.168897,-0.245626,0.369406,3.119,-0.029,1.842,0.168791,-0.245682,0.369433,3.119,-0.028,1.841
2.20283,0,0.168897,-0.245626,0.369406,3.119,-0.029,1.842,0.168791,-0.245682,0.369433,3.119,-0.028,1.841
2.21288,0,0.168897,-0.245626,0.369406,3.119,-0.029,1.842,0.168791,-0.245682,0.369433,3.119,-0.028,1.841
2.22293,0,0.168897,-0.245626,0.369406,3.119,-0.029,1.842,0.168791,-0.245682,0.369433,3.119,-0.028,1.841
2.23298,0,0.168897,-0.245626,0.369406,3.119,-0.029,1.842,0.168791,-0.245682,0.369433,3.119,-0.028,1.841
2.24304,0,0.168897,-0.245626,0.369406,3.119,-0.029,1.842,0.168791,-0.245682,0.369433,3.119,-0.028,1.841
2.25309,0,0.168897,-0.245626,0.369406,3.119,-0.029,1.842,0.168791,-0.245682,0.369433,3.119,-0.028,1.841
2.26315,0,0.168897,-0.245626,0.369406,3.119,-0.029,1.842,0.168791,-0.245682,0.369433,3.119,-0.028,1.841
2.2732,0,0.168897,-0.245626,0.369406,3.119,-0.029,1.842,0.168791,-0.245682,0.369433,3.119,-0.028,1.841
2.28326,0,0.168897,-0.245626,0.369406,3.119,-0.029,1.842,0.168791,-0.245682,0.369433,3.119,-0.028,1.841
2.29332,0,0.168897,-0.245626,0.369406,3.119,-0.029,1.842,0.168791,-0.245682,0.369433,3.119,-0.028,1.841
2.30337,0,0.168897,-0.245626,0.369406,3.119,-0.029,1.842,0.168791,-0.245682,0.369433,3.119,-0.028,1.841
2.31342,0,0.168897,-0.245626,0.369406,3.119,-0.029,1.842,0.168791,-0.245682,0.369433,3.119,-0.028,1.841
2.32347,0,0.168897,-0.245626,0.369406,3.119,-0.029,1.842,0.168791,-0.245682,0.369433,3.119,-0.028,1.841
2.33352,0,0.168897,-0.245626,0.369406,3.119,-0.029,1.842,0.168791,-0.245682,0.369433,3.119,-0.028,1.841
2.34357,0,0.168897,-0.245626,0.369406,3.119,-0.029,1.842,0.168791,-0.245682,0.369433,3.119,-0.028,1.841
2.35363,0,0.168897,-0.245626,0.369406,3.119,-0.029,1.842,0.168791,-0.245682,0.369433,3.119,-0.028,1.841
2.36368,0,0.168897,-0.245626,0.369406,3.119,-0.029,1.842,0.168791,-0.245682,0.369433,3.119,-0.028,1.841
2.37373,0,0.168897,-0.245626,0.369406,3.119,-0.029,1.842,0.168791,-0.245682,0.369433,3.119,-0.028,1.841
2.38378,0,0.168897,-0.245626,0.369406,3.119,-0.029,1.842,0.168791,-0.245682,0.369433,3.119,-0.028,1.841
2.39382,0,0.168897,-0.245626,0.369406,3.119,-0.029,1.842,0.168791,-0.245682,0.369433,3.119,-0.028,1.841
2.40388,0,0.168897,-0.245626,0.369406,3.119,-0.029,1.842,0.168791,-0.245682,0.369433,3.119,-0.028,1.841
2.41393,0,0.168897,-0.245626,0.369406,3.119,-0.029,1.842,0.168791,-0.245682,0.369433,3.119,-0.028,1.841
2.42398,0,0.168897,-0.245626,0.369406,3.119,-0.029,1.842,0.168791,-0.245682,0.369433,3.119,-0.028,1.841
2.43403,0,0.168897,-0.245626,0.369406,3.119,-0.029,1.842,0.16877,-0.245688,0.369418,3.119,-0.028,1.841
2.44409,0,0.168897,-0.245626,0.369406,3.119,-0.029,1.842,0.16877,-0.245688,0.369418,3.119,-0.028,1.841
2.45414,0,0.168897,-0.245626,0.369406,3.119,-0.029,1.842,0.16877,-0.245688,0.369418,3.119,-0.028,1.841
2.46419,0,0.168897,-0.245626,0.369406,3.119,-0.029,1.842,0.16877,-0.245688,0.369418,3.119,-0.028,1.841
2.47424,0,0.168897,-0.245626,0.369406,3.119,-0.029,1.842,0.16877,-0.245688,0.369418,3.119,-0.028,1.841
2.48429,0,0.168897,-0.245626,0.369406,3.119,-0.029,1.842,0.16877,-0.245688,0.369418,3.119,-0.028,1.841
2.49434,0,0.168897,-0.245626,0.369406,3.119,-0.029,1.842,0.16877,-0.245688,0.369418,3.119,-0.028,1.841
2.5044,0,0.168897,-0.245626,0.369406,3.119,-0.029,1.842,0.16877,-0.245688,0.369418,3.119,-0.028,1.841
2.51445,0,0.168897,-0.245626,0.369406,3.119,-0.029,1.842,0.16877,-0.245688,0.369418,3.119,-0.028,1.841
2.5245,0,0.168897,-0.245626,0.369406,3.119,-0.029,1.842,0.16877,-0.245688,0.369418,3.119,-0.028,1.841
2.53455,0,0.168897,-0.245626,0.369406,3.119,-0.029,1.842,0.16877,-0.245688,0.369418,3.119,-0.028,1.841
2.54461,0,0.168897,-0.245626,0.369406,3.119,-0.029,1.842,0.16877,-0.245688,0.369418,3.119,-0.028,1.841
2.55466,0,0.168897,-0.245626,0.369406,3.119,-0.029,1.842,0.16877,-0.245688,0.369418,3.119,-0.028,1.841
2.56471,0,0.168897,-0.245626,0.369406,3.119,-0.029,1.842,0.16877,-0.245688,0.369418,3.119,-0.028,1.841
2.57476,0,0.168897,-0.245626,0.369406,3.119,-0.029,1.842,0.16877,-0.245688,0.369418,3.119,-0.028,1.841
2.58481,0,0.168897,-0.245626,0.369406,3.119,-0.029,1.842,0.16877,-0.245688,0.369418,3.119,-0.028,1.841
2.59482,0,0.168897,-0.245626,0.369406,3.119,-0.029,1.842,0.16878,-0.245689,0.369406,3.119,-0.028,1.841
2.60488,0,0.168897,-0.245626,0.369406,3.119,-0.029,1.842,0.16878,-0.245689,0.369406,3.119,-0.028,1.841
2.61493,0,0.168897,-0.245626,0.369406,3.119,-0.029,1.842,0.16878,-0.245689,0.369406,3.119,-0.028,1.841
2.62498,0,0.168897,-0.245626,0.369406,3.119,-0.029,1.842,0.16878,-0.245689,0.369406,3.119,-0.028,1.841
2.63503,0,0.168897,-0.245626,0.369406,3.119,-0.029,1.842,0.16878,-0.245689,0.369406,3.119,-0.028,1.841
2.64509,0,0.168897,-0.245626,0.369406,3.119,-0.029,1.842,0.16878,-0.245689,0.369406,3.119,-0.028,1.841
2.65514,0,0.168897,-0.245626,0.369406,3.119,-0.029,1.842,0.16878,-0.245689,0.369406,3.119,-0.028,1.841
2.66519,0,0.168897,-0.245626,0.369406,3.119,-0.029,1.842,0.16878,-0.245689,0.369406,3.119,-0.028,1.841
2.67524,0,0.168897,-0.245626,0.369406,3.119,-0.029,1.842,0.16878,-0.245689,0.369406,3.119,-0.028,1.841
2.68529,0,0.168897,-0.245626,0.369406,3.119,-0.029,1.842,0.168776,-0.245696,0.3694,3.119,-0.028,1.841
2.69535,0,0.168897,-0.245626,0.369406,3.119,-0.029,1.842,0.168776,-0.245696,0.3694,3.119,-0.028,1.841
2.7054,0,0.168897,-0.245626,0.369406,3.119,-0.029,1.842,0.168776,-0.245696,0.3694,3.119,-0.028,1.841
2.71545,0,0.168897,-0.245626,0.369406,3.119,-0.029,1.842,0.168776,-0.245696,0.3694,3.119,-0.028,1.841
2.72551,0,0.168897,-0.245626,0.369406,3.119,-0.029,1.842,0.168776,-0.245696,0.3694,3.119,-0.028,1.841
2.73556,0,0.168897,-0.245626,0.369406,3.119,-0.029,1.842,0.168776,-0.245696,0.3694,3.119,-0.028,1.841
2.74561,0,0.168897,-0.245626,0.369406,3.119,-0.029,1.842,0.168776,-0.245696,0.3694,3.119,-0.028,1.841
2.75567,0,0.168897,-0.245626,0.369406,3.119,-0.029,1.842,0.168776,-0.245696,0.3694,3.119,-0.028,1.841
2.76573,0,0.168897,-0.245626,0.369406,3.119,-0.029,1.842,0.168776,-0.245696,0.3694,3.119,-0.028,1.841
2.77578,0,0.168897,-0.245626,0.369406,3.119,-0.029,1.842,0.168776,-0.245696,0.3694,3.119,-0.028,1.841
2.78583,0,0.168897,-0.245626,0.369406,3.119,-0.029,1.842,0.168776,-0.245696,0.3694,3.119,-0.028,1.841
2.79588,0,0.168897,-0.245626,0.369406,3.119,-0.029,1.842,0.168776,-0.245696,0.3694,3.119,-0.028,1.841
2.80593,0,0.168897,-0.245626,0.369406,3.119,-0.029,1.842,0.168776,-0.245696,0.3694,3.119,-0.028,1.841
2.81599,0,0.168897,-0.245626,0.369406,3.119,-0.029,1.842,0.168776,-0.245696,0.3694,3.119,-0.028,1.841
2.82604,0,0.168897,-0.245626,0.369406,3.119,-0.029,1.842,0.168776,-0.245696,0.3694,3.119,-0.028,1.841
2.83609,0,0.168897,-0.245626,0.369406,3.119,-0.029,1.842,0.168776,-0.245696,0.3694,3.119,-0.028,1.841
2.84615,0,0.168897,-0.245626,0.369406,3.119,-0.029,1.842,0.168776,-0.245696,0.3694,3.119,-0.028,1.841
2.8562,0,0.168897,-0.245626,0.369406,3.119,-0.029,1.842,0.168733,-0.245726,0.3694,3.12,-0.028,1.841
2.86626,0,0.168897,-0.245626,0.369406,3.119,-0.029,1.842,0.168733,-0.245726,0.3694,3.12,-0.028,1.841
2.87631,0,0.168897,-0.245626,0.369406,3.119,-0.029,1.842,0.168733,-0.245726,0.3694,3.12,-0.028,1.841
2.88636,0,0.168897,-0.245626,0.369406,3.119,-0.029,1.842,0.168733,-0.245726,0.3694,3.12,-0.028,1.841
2.89642,0,0.168897,-0.245626,0.369406,3.119,-0.029,1.842,0.168733,-0.245726,0.3694,3.12,-0.028,1.841
2.90647,0,0.168897,-0.245626,0.369406,3.119,-0.029,1.842,0.168733,-0.245726,0.3694,3.12,-0.028,1.841
2.91652,0,0.168897,-0.245626,0.369406,3.119,-0.029,1.842,0.168744,-0.245722,0.369407,3.119,-0.028,1.841
2.92657,0,0.168897,-0.245626,0.369406,3.119,-0.029,1.842,0.168744,-0.245722,0.369407,3.119,-0.028,1.841
2.93664,0,0.168897,-0.245626,0.369406,3.119,-0.029,1.842,0.168744,-0.245722,0.369407,3.119,-0.028,1.841
2.9467,0,0.168897,-0.245626,0.369406,3.119,-0.029,1.842,0.168744,-0.245722,0.369407,3.119,-0.028,1.841
2.95676,0,0.168897,-0.245626,0.369406,3.119,-0.029,1.842,0.168744,-0.245722,0.369407,3.119,-0.028,1.841
2.96682,0,0.168897,-0.245626,0.369406,3.119,-0.029,1.842,0.168744,-0.245722,0.369407,3.119,-0.028,1.841
2.97683,0,0.168897,-0.245626,0.369406,3.119,-0.029,1.842,0.168744,-0.245722,0.369407,3.119,-0.028,1.841
2.98688,0,0.168897,-0.245626,0.369406,3.119,-0.029,1.842,0.168744,-0.245722,0.369407,3.119,-0.028,1.841
2.99693,0,0.168897,-0.245626,0.369406,3.119,-0.029,1.842,0.168744,-0.245722,0.369407,3.119,-0.028,1.841
3.00698,0,0.168897,-0.245626,0.369406,3.119,-0.029,1.842,0.168744,-0.245722,0.369407,3.119,-0.028,1.841
3.01704,0,0.168897,-0.245626,0.369406,3.119,-0.029,1.842,0.1687,-0.245743,0.369415,3.12,-0.028,1.841
3.02709,0,0.168897,-0.245626,0.369406,3.119,-0.029,1.842,0.1687,-0.245743,0.369415,3.12,-0.028,1.841
3.03714,0,0.168897,-0.245626,0.369406,3.119,-0.029,1.842,0.1687,-0.245743,0.369415,3.12,-0.028,1.841
3.04719,0,0.168897,-0.245626,0.369406,3.119,-0.029,1.842,0.1687,-0.245743,0.369415,3.12,-0.028,1.841
3.05724,0,0.168897,-0.245626,0.369406,3.119,-0.029,1.842,0.1687,-0.245743,0.369415,3.12,-0.028,1.841
3.0673,0,0.168897,-0.245626,0.369406,3.119,-0.029,1.842,0.1687,-0.245743,0.369415,3.12,-0.028,1.841
3.07735,0,0.168897,-0.245626,0.369406,3.119,-0.029,1.842,0.1687,-0.245743,0.369415,3.12,-0.028,1.841
3.0874,0,0.168897,-0.245626,0.369406,3.119,-0.029,1.842,0.1687,-0.245743,0.369415,3.12,-0.028,1.841
3.09745,0,0.168897,-0.245626,0.369406,3.119,-0.029,1.842,0.1687,-0.245743,0.369415,3.12,-0.028,1.841
3.1075,0,0.168897,-0.245626,0.369406,3.119,-0.029,1.842,0.168683,-0.245748,0.369422,3.12,-0.028,1.841
3.11755,0,0.168897,-0.245626,0.369406,3.119,-0.029,1.842,0.168683,-0.245748,0.369422,3.12,-0.028,1.841
3.1276,0,0.168897,-0.245626,0.369406,3.119,-0.029,1.842,0.168683,-0.245748,0.369422,3.12,-0.028,1.841
3.13766,0,0.168897,-0.245626,0.369406,3.119,-0.029,1.842,0.168683,-0.245748,0.369422,3.12,-0.028,1.841
3.14771,0,0.168897,-0.245626,0.369406,3.119,-0.029,1.842,0.168683,-0.245748,0.369422,3.12,-0.028,1.841
3.15776,0,0.168897,-0.245626,0.369406,3.119,-0.029,1.842,0.168683,-0.245748,0.369422,3.12,-0.028,1.841
3.16781,0,0.168897,-0.245626,0.369406,3.119,-0.029,1.842,0.168683,-0.245748,0.369422,3.12,-0.028,1.841
3.17782,0,0.168897,-0.245626,0.369406,3.119,-0.029,1.842,0.168683,-0.245748,0.369422,3.12,-0.028,1.841
3.18788,0,0.168897,-0.245626,0.369406,3.119,-0.029,1.842,0.168683,-0.245748,0.369422,3.12,-0.028,1.841
3.19793,0,0.168897,-0.245626,0.369406,3.119,-0.029,1.842,0.168683,-0.245748,0.369422,3.12,-0.028,1.841
3.20799,0,0.168897,-0.245626,0.369406,3.119,-0.029,1.842,0.168683,-0.245748,0.369422,3.12,-0.028,1.841
3.21809,0,0.168897,-0.245626,0.369406,3.119,-0.029,1.842,0.168683,-0.245748,0.369422,3.12,-0.028,1.841
3.2282,0,0.168897,-0.245626,0.369406,3.119,-0.029,1.842,0.168683,-0.245748,0.369422,3.12,-0.028,1.841
3.2383,0,0.168897,-0.245626,0.369406,3.119,-0.029,1.842,0.16868,-0.245757,0.369412,3.12,-0.028,1.841
3.2484,0,0.168897,-0.245626,0.369406,3.119,-0.029,1.842,0.16868,-0.245757,0.369412,3.12,-0.028,1.841
3.25851,0,0.168897,-0.245626,0.369406,3.119,-0.029,1.842,0.16868,-0.245757,0.369412,3.12,-0.028,1.841
3.26861,0,0.168897,-0.245626,0.369406,3.119,-0.029,1.842,0.16868,-0.245757,0.369412,3.12,-0.028,1.841
3.27871,0,0.168897,-0.245626,0.369406,3.119,-0.029,1.842,0.16868,-0.245757,0.369412,3.12,-0.028,1.841
3.28881,0,0.168897,-0.245626,0.369406,3.119,-0.029,1.842,0.16868,-0.245757,0.369412,3.12,-0.028,1.841
3.29891,0,0.168897,-0.245626,0.369406,3.119,-0.029,1.842,0.16868,-0.245757,0.369412,3.12,-0.028,1.841
3.30901,0,0.168897,-0.245626,0.369406,3.119,-0.029,1.842,0.16868,-0.245757,0.369412,3.12,-0.028,1.841
3.31911,0,0.168897,-0.245626,0.369406,3.119,-0.029,1.842,0.16868,-0.245757,0.369412,3.12,-0.028,1.841
3.32923,0,0.168897,-0.245626,0.369406,3.119,-0.029,1.842,0.168724,-0.245735,0.369409,3.12,-0.028,1.841
3.33934,0,0.168897,-0.245626,0.369406,3.119,-0.029,1.842,0.168724,-0.245735,0.369409,3.12,-0.028,1.841
3.34939,0,0.168897,-0.245626,0.369406,3.119,-0.029,1.842,0.168724,-0.245735,0.369409,3.12,-0.028,1.841
3.3595,0,0.168897,-0.245626,0.369406,3.119,-0.029,1.842,0.168724,-0.245735,0.369409,3.12,-0.028,1.841
3.36961,0,0.168897,-0.245626,0.369406,3.119,-0.029,1.842,0.168724,-0.245735,0.369409,3.12,-0.028,1.841
3.37966,0,0.168897,-0.245626,0.369406,3.119,-0.029,1.842,0.168724,-0.245735,0.369409,3.12,-0.028,1.841
3.38972,20,0.168897,-0.245626,0.369406,3.119,-0.029,1.842,0.168724,-0.245735,0.369409,3.12,-0.028,1.841
3.39977,29,0.168897,-0.245626,0.369406,3.119,-0.029,1.842,0.168724,-0.245735,0.369409,3.12,-0.028,1.841
3.40982,29,0.168897,-0.245626,0.369406,3.119,-0.029,1.842,0.168724,-0.245735,0.369409,3.12,-0.028,1.841
3.41982,0,0.168897,-0.245626,0.369406,3.119,-0.029,1.842,0.168724,-0.245735,0.369409,3.12,-0.028,1.841
3.42988,0,0.168897,-0.245626,0.369406,3.119,-0.029,1.842,0.168724,-0.245735,0.369409,3.12,-0.028,1.841
3.43993,0,0.168897,-0.245626,0.369406,3.119,-0.029,1.842,0.168724,-0.245735,0.369409,3.12,-0.028,1.841
3.44999,0,0.168897,-0.245626,0.369406,3.119,-0.029,1.842,0.168724,-0.245735,0.369409,3.12,-0.028,1.841
3.46004,0,0.168897,-0.245626,0.369406,3.119,-0.029,1.842,0.168724,-0.245735,0.369409,3.12,-0.028,1.841
3.4701,0,0.168897,-0.245626,0.369406,3.119,-0.029,1.842,0.168724,-0.245735,0.369409,3.12,-0.028,1.841
3.48015,0,0.168897,-0.245626,0.369406,3.119,-0.029,1.842,0.168724,-0.245735,0.369409,3.12,-0.028,1.841
3.4902,0,0.168897,-0.245626,0.369406,3.119,-0.029,1.842,0.168724,-0.245735,0.369409,3.12,-0.028,1.841
3.50026,0,0.168897,-0.245626,0.369406,3.119,-0.029,1.842,0.168724,-0.245735,0.369409,3.12,-0.028,1.841
3.51031,0,0.168897,-0.245626,0.369406,3.119,-0.029,1.842,0.168724,-0.245735,0.369409,3.12,-0.028,1.841
3.52036,0,0.168897,-0.245626,0.369406,3.119,-0.029,1.842,0.168771,-0.245706,0.369402,3.119,-0.028,1.841
3.53042,0,0.168897,-0.245626,0.369406,3.119,-0.029,1.842,0.168771,-0.245706,0.369402,3.119,-0.028,1.841
3.54047,0,0.168897,-0.245626,0.369406,3.119,-0.029,1.842,0.168771,-0.245706,0.369402,3.119,-0.028,1.841
3.55053,0,0.168897,-0.245626,0.369406,3.119,-0.029,1.842,0.168771,-0.245706,0.369402,3.119,-0.028,1.841
3.56058,0,0.168897,-0.245626,0.369406,3.119,-0.029,1.842,0.168771,-0.245706,0.369402,3.119,-0.028,1.841
3.57063,0,0.168897,-0.245626,0.369406,3.119,-0.029,1.842,0.168771,-0.245706,0.369402,3.119,-0.028,1.841
3.58069,0,0.168897,-0.245626,0.369406,3.119,-0.029,1.842,0.168771,-0.245706,0.369402,3.119,-0.028,1.841
3.59074,0,0.168897,-0.245626,0.369406,3.119,-0.029,1.842,0.168771,-0.245706,0.369402,3.119,-0.028,1.841
3.6008,0,0.168897,-0.245626,0.369406,3.119,-0.029,1.842,0.168771,-0.245706,0.369402,3.119,-0.028,1.841
3.61083,0,0.168897,-0.245626,0.369406,3.119,-0.029,1.842,0.168771,-0.245706,0.369402,3.119,-0.028,1.841
3.62088,0,0.168897,-0.245626,0.369406,3.119,-0.029,1.842,0.168794,-0.245685,0.369413,3.119,-0.028,1.841
3.63093,0,0.168897,-0.245626,0.369406,3.119,-0.029,1.842,0.168794,-0.245685,0.369413,3.119,-0.028,1.841
3.64099,0,0.168897,-0.245626,0.369406,3.119,-0.029,1.842,0.168794,-0.245685,0.369413,3.119,-0.028,1.841
3.65104,0,0.168897,-0.245626,0.369406,3.119,-0.029,1.842,0.168794,-0.245685,0.369413,3.119,-0.028,1.841
3.6611,0,0.168897,-0.245626,0.369406,3.119,-0.029,1.842,0.168794,-0.245685,0.369413,3.119,-0.028,1.841
3.67115,0,0.168897,-0.245626,0.369406,3.119,-0.029,1.842,0.168794,-0.245685,0.369413,3.119,-0.028,1.841
3.6812,0,0.168897,-0.245626,0.369406,3.119,-0.029,1.842,0.168794,-0.245685,0.369413,3.119,-0.028,1.841
3.69126,0,0.168897,-0.245626,0.369406,3.119,-0.029,1.842,0.168794,-0.245685,0.369413,3.119,-0.028,1.841
3.70131,0,0.168897,-0.245626,0.369406,3.119,-0.029,1.842,0.168794,-0.245685,0.369413,3.119,-0.028,1.841
3.71137,0,0.168897,-0.245626,0.369406,3.119,-0.029,1.842,0.168794,-0.245685,0.369413,3.119,-0.028,1.841
3.72142,0,0.168897,-0.245626,0.369406,3.119,-0.029,1.842,0.168794,-0.245685,0.369413,3.119,-0.028,1.841
3.73148,0,0.168897,-0.245626,0.369406,3.119,-0.029,1.842,0.168794,-0.245685,0.369413,3.119,-0.028,1.841
3.74153,0,0.168897,-0.245626,0.369406,3.119,-0.029,1.842,0.168794,-0.245685,0.369413,3.119,-0.028,1.841
3.75159,0,0.168897,-0.245626,0.369406,3.119,-0.029,1.842,0.168794,-0.245685,0.369413,3.119,-0.028,1.841
3.76164,0,0.168897,-0.245626,0.369406,3.119,-0.029,1.842,0.168794,-0.245685,0.369413,3.119,-0.028,1.841
3.77169,0,0.168897,-0.245626,0.369406,3.119,-0.029,1.842,0.168794,-0.245685,0.369413,3.119,-0.028,1.841
3.78175,0,0.168897,-0.245626,0.369406,3.119,-0.029,1.842,0.168794,-0.245685,0.369413,3.119,-0.028,1.841
3.7918,0,0.168897,-0.245626,0.369406,3.119,-0.029,1.842,0.168865,-0.245642,0.369414,3.119,-0.028,1.841
3.80183,0,0.168897,-0.245626,0.369406,3.119,-0.029,1.842,0.168865,-0.245642,0.369414,3.119,-0.028,1.841
3.81188,0,0.168897,-0.245626,0.369406,3.119,-0.029,1.842,0.168865,-0.245642,0.369414,3.119,-0.028,1.841
3.82194,0,0.168897,-0.245626,0.369406,3.119,-0.029,1.842,0.168865,-0.245642,0.369414,3.119,-0.028,1.841
3.83199,0,0.168897,-0.245626,0.369406,3.119,-0.029,1.842,0.168865,-0.245642,0.369414,3.119,-0.028,1.841
3.84205,0,0.168897,-0.245626,0.369406,3.119,-0.029,1.842,0.168865,-0.245642,0.369414,3.119,-0.028,1.841
3.8521,0,0.168897,-0.245626,0.369406,3.119,-0.029,1.842,0.168865,-0.245642,0.369414,3.119,-0.028,1.841
3.86215,0,0.168897,-0.245626,0.369406,3.119,-0.029,1.842,0.168865,-0.245642,0.369414,3.119,-0.028,1.841
3.87221,0,0.168897,-0.245626,0.369406,3.119,-0.029,1.842,0.168865,-0.245642,0.369414,3.119,-0.028,1.841
3.88226,0,0.168897,-0.245626,0.369406,3.119,-0.029,1.842,0.168865,-0.245642,0.369414,3.119,-0.028,1.841
3.89232,0,0.168897,-0.245626,0.369406,3.119,-0.029,1.842,0.168865,-0.245642,0.369414,3.119,-0.028,1.841
3.90237,0,0.168897,-0.245626,0.369406,3.119,-0.029,1.842,0.168865,-0.245642,0.369414,3.119,-0.028,1.841
3.91243,0,0.168897,-0.245626,0.369406,3.119,-0.029,1.842,0.168865,-0.245642,0.369414,3.119,-0.028,1.841
3.92248,0,0.168897,-0.245626,0.369406,3.119,-0.029,1.842,0.168893,-0.24563,0.36939,3.119,-0.028,1.842
3.93253,0,0.168897,-0.245626,0.369406,3.119,-0.029,1.842,0.168893,-0.24563,0.36939,3.119,-0.028,1.842
3.94259,0,0.168897,-0.245626,0.369406,3.119,-0.029,1.842,0.168893,-0.24563,0.36939,3.119,-0.028,1.842
3.95264,0,0.168897,-0.245626,0.369406,3.119,-0.029,1.842,0.168893,-0.24563,0.36939,3.119,-0.028,1.842
3.96269,0,0.168897,-0.245626,0.369406,3.119,-0.029,1.842,0.168893,-0.24563,0.36939,3.119,-0.028,1.842
3.97275,0,0.168897,-0.245626,0.369406,3.119,-0.029,1.842,0.168893,-0.24563,0.36939,3.119,-0.028,1.842
3.9828,0,0.168897,-0.245626,0.369406,3.119,-0.029,1.842,0.168893,-0.24563,0.36939,3.119,-0.028,1.842
3.99282,0,0.168897,-0.245626,0.369406,3.119,-0.029,1.842,0.168893,-0.24563,0.36939,3.119,-0.028,1.842
4.00288,0,0.168897,-0.245626,0.369406,3.119,-0.029,1.842,0.168893,-0.24563,0.36939,3.119,-0.028,1.842
4.01293,0,0.168897,-0.245626,0.369406,3.119,-0.029,1.842,0.168893,-0.24563,0.36939,3.119,-0.028,1.842
4.02298,0,0.168897,-0.245626,0.369406,3.119,-0.029,1.842,0.168893,-0.24563,0.36939,3.119,-0.028,1.842
4.03303,0,0.168897,-0.245626,0.369406,3.119,-0.029,1.842,0.168893,-0.24563,0.36939,3.119,-0.028,1.842
4.04309,0,0.168897,-0.245626,0.369406,3.119,-0.029,1.842,0.168893,-0.24563,0.36939,3.119,-0.028,1.842
4.05314,0,0.168897,-0.245626,0.369406,3.119,-0.029,1.842,0.168893,-0.24563,0.36939,3.119,-0.028,1.842
4.06319,0,0.168897,-0.245626,0.369406,3.119,-0.029,1.842,0.168893,-0.24563,0.36939,3.119,-0.028,1.842
4.07324,0,0.168897,-0.245626,0.369406,3.119,-0.029,1.842,0.168893,-0.24563,0.36939,3.119,-0.028,1.842
4.0833,0,0.168897,-0.245626,0.369406,3.119,-0.029,1.842,0.168893,-0.24563,0.36939,3.119,-0.028,1.842
4.09335,0,0.168897,-0.245626,0.369406,3.119,-0.029,1.842,0.168893,-0.24563,0.36939,3.119,-0.028,1.842
4.1034,0,0.168897,-0.245626,0.369406,3.119,-0.029,1.842,0.168893,-0.24563,0.36939,3.119,-0.028,1.842
4.11346,0,0.168897,-0.245626,0.369406,3.119,-0.029,1.842,0.168893,-0.24563,0.36939,3.119,-0.028,1.842
4.12351,0,0.168897,-0.245626,0.369406,3.119,-0.029,1.842,0.168893,-0.24563,0.36939,3.119,-0.028,1.842
4.13356,0,0.168897,-0.245626,0.369406,3.119,-0.029,1.842,0.168893,-0.24563,0.36939,3.119,-0.028,1.842
4.14361,0,0.168897,-0.245626,0.369406,3.119,-0.029,1.842,0.168893,-0.24563,0.36939,3.119,-0.028,1.842
4.15367,0,0.168897,-0.245626,0.369406,3.119,-0.029,1.842,0.168893,-0.24563,0.36939,3.119,-0.028,1.842
4.16372,0,0.168897,-0.245626,0.369406,3.119,-0.029,1.842,0.168893,-0.24563,0.36939,3.119,-0.028,1.842
4.17377,0,0.168897,-0.245626,0.369406,3.119,-0.029,1.842,0.168893,-0.24563,0.36939,3.119,-0.028,1.842
4.18382,0,0.168897,-0.245626,0.369406,3.119,-0.029,1.842,0.168893,-0.24563,0.36939,3.119,-0.028,1.842
4.19388,0,0.168897,-0.245626,0.369406,3.119,-0.029,1.842,0.168893,-0.24563,0.36939,3.119,-0.028,1.842
4.20393,0,0.168897,-0.245626,0.369406,3.119,-0.029,1.842,0.168893,-0.24563,0.36939,3.119,-0.028,1.842
4.21398,9,0.168897,-0.245625,0.369403,3.119,-0.029,1.842,0.168893,-0.24563,0.36939,3.119,-0.028,1.842
4.22403,21,0.168897,-0.245621,0.369397,3.119,-0.029,1.842,0.168893,-0.24563,0.36939,3.119,-0.028,1.842
4.23409,21,0.168897,-0.245617,0.369391,3.119,-0.029,1.842,0.168893,-0.24563,0.36939,3.119,-0.028,1.842
4.24414,20,0.168897,-0.245612,0.369386,3.119,-0.029,1.842,0.168893,-0.24563,0.36939,3.119,-0.028,1.842
4.25419,26,0.168897,-0.245605,0.369386,3.119,-0.029,1.842,0.168893,-0.24563,0.36939,3.119,-0.028,1.842
4.26424,57,0.168897,-0.245597,0.369386,3.119,-0.029,1.842,0.168893,-0.24563,0.36939,3.119,-0.028,1.842
4.2743,57,0.168897,-0.245585,0.369386,3.119,-0.029,1.842,0.168893,-0.24563,0.36939,3.119,-0.028,1.842
4.28435,67,0.168897,-0.245567,0.369386,3.119,-0.029,1.842,0.168893,-0.24563,0.36939,3.119,-0.028,1.842
4.2944,68,0.168897,-0.245549,0.369386,3.119,-0.029,1.842,0.168893,-0.24563,0.36939,3.119,-0.028,1.842
4.30446,84,0.168897,-0.245525,0.369386,3.119,-0.029,1.842,0.168893,-0.24563,0.36939,3.119,-0.028,1.842
4.31451,84,0.168897,-0.245501,0.369386,3.119,-0.029,1.842,0.168893,-0.24563,0.36939,3.119,-0.028,1.842
4.32456,102,0.168897,-0.245471,0.369386,3.119,-0.029,1.842,0.168893,-0.24563,0.36939,3.119,-0.028,1.842
4.33461,113,0.168897,-0.245439,0.369386,3.119,-0.029,1.842,0.168893,-0.24563,0.36939,3.119,-0.028,1.842
4.34467,113,0.168897,-0.245407,0.369386,3.119,-0.029,1.842,0.168893,-0.24563,0.36939,3.119,-0.028,1.842
4.35472,124,0.168897,-0.245371,0.369386,3.119,-0.029,1.842,0.168893,-0.24563,0.36939,3.119,-0.028,1.842
4.36478,136,0.168897,-0.245333,0.369386,3.119,-0.029,1.842,0.168893,-0.24563,0.36939,3.119,-0.028,1.842
4.37483,136,0.168897,-0.245294,0.369386,3.119,-0.029,1.842,0.168893,-0.24563,0.36939,3.119,-0.028,1.842
4.38488,140,0.168897,-0.245254,0.369386,3.119,-0.029,1.842,0.168893,-0.24563,0.36939,3.119,-0.028,1.842
4.39493,140,0.168897,-0.245214,0.369386,3.119,-0.029,1.842,0.168893,-0.24563,0.36939,3.119,-0.028,1.842
4.40499,139,0.168897,-0.245174,0.369386,3.119,-0.029,1.842,0.168893,-0.24563,0.36939,3.119,-0.028,1.842
4.41504,134,0.168897,-0.245136,0.369386,3.119,-0.029,1.842,0.168893,-0.24563,0.36939,3.119,-0.028,1.842
4.42509,134,0.168897,-0.245097,0.369386,3.119,-0.029,1.842,0.168893,-0.24563,0.36939,3.119,-0.028,1.842
4.43515,134,0.168897,-0.245059,0.369386,3.119,-0.029,1.842,0.168893,-0.24563,0.36939,3.119,-0.028,1.842
4.4452,146,0.168897,-0.245017,0.369386,3.119,-0.029,1.842,0.168893,-0.24563,0.36939,3.119,-0.028,1.842
4.45526,146,0.168897,-0.244976,0.369386,3.119,-0.029,1.842,0.168893,-0.24563,0.36939,3.119,-0.028,1.842
4.46531,156,0.168897,-0.244931,0.369386,3.119,-0.029,1.842,0.168893,-0.24563,0.36939,3.119,-0.028,1.842
4.47537,156,0.168897,-0.244887,0.369386,3.119,-0.029,1.842,0.168893,-0.24563,0.36939,3.119,-0.028,1.842
4.48542,160,0.168897,-0.244841,0.369386,3.119,-0.029,1.842,0.168893,-0.24563,0.36939,3.119,-0.028,1.842
4.49545,151,0.168897,-0.244798,0.369386,3.119,-0.029,1.842,0.168893,-0.24563,0.36939,3.119,-0.028,1.842
4.50551,151,0.168897,-0.244755,0.369386,3.119,-0.029,1.842,0.168893,-0.24563,0.36939,3.119,-0.028,1.842
4.51556,134,0.168897,-0.244716,0.369385,3.119,-0.029,1.842,0.168893,-0.24563,0.36939,3.119,-0.028,1.842
4.52561,111,0.168897,-0.244687,0.369384,3.119,-0.029,1.842,0.168893,-0.24563,0.36939,3.119,-0.028,1.842
4.53566,105,0.168897,-0.244659,0.369383,3.119,-0.029,1.842,0.168893,-0.24563,0.36939,3.119,-0.028,1.842
4.54572,105,0.168897,-0.244642,0.369383,3.119,-0.029,1.842,0.168893,-0.24563,0.36939,3.119,-0.028,1.842
4.55577,91,0.168897,-0.244625,0.369382,3.119,-0.029,1.842,0.168893,-0.24563,0.36939,3.119,-0.028,1.842
4.56582,44,0.168897,-0.244621,0.369382,3.119,-0.029,1.842,0.168893,-0.24563,0.36939,3.119,-0.028,1.842
4.57588,44,0.168897,-0.244621,0.369382,3.119,-0.029,1.842,0.168893,-0.24563,0.36939,3.119,-0.028,1.842
4.58593,0,0.168897,-0.244621,0.369382,3.119,-0.029,1.842,0.168893,-0.24563,0.36939,3.119,-0.028,1.842
4.59598,0,0.168897,-0.244621,0.369382,3.119,-0.029,1.842,0.168893,-0.24563,0.36939,3.119,-0.028,1.842
4.60603,0,0.168897,-0.244621,0.369382,3.119,-0.029,1.842,0.168893,-0.24563,0.36939,3.119,-0.028,1.842
4.61609,0,0.168897,-0.244621,0.369382,3.119,-0.029,1.842,0.168893,-0.24563,0.36939,3.119,-0.028,1.842
4.62614,0,0.168897,-0.244621,0.369382,3.119,-0.029,1.842,0.168893,-0.24563,0.36939,3.119,-0.028,1.842
4.63619,0,0.168897,-0.244621,0.369382,3.119,-0.029,1.842,0.168893,-0.24563,0.36939,3.119,-0.028,1.842
4.64624,0,0.168897,-0.244621,0.369382,3.119,-0.029,1.842,0.168893,-0.24563,0.36939,3.119,-0.028,1.842
4.6563,0,0.168897,-0.244621,0.369382,3.119,-0.029,1.842,0.168893,-0.24563,0.36939,3.119,-0.028,1.842
4.6664,0,0.168897,-0.244621,0.369382,3.119,-0.029,1.842,0.168893,-0.24563,0.36939,3.119,-0.028,1.842
4.67651,0,0.168897,-0.244621,0.369382,3.119,-0.029,1.842,0.168893,-0.24563,0.36939,3.119,-0.028,1.842
4.68664,0,0.168897,-0.244621,0.369382,3.119,-0.029,1.842,0.168893,-0.24563,0.36939,3.119,-0.028,1.842
4.69674,0,0.168897,-0.244621,0.369382,3.119,-0.029,1.842,0.168893,-0.24563,0.36939,3.119,-0.028,1.842
4.70684,1,0.168897,-0.244621,0.369382,3.119,-0.029,1.842,0.168893,-0.24563,0.36939,3.119,-0.028,1.842
4.71694,38,0.168897,-0.244621,0.369371,3.119,-0.029,1.842,0.168893,-0.24563,0.36939,3.119,-0.028,1.842
4.72705,38,0.168897,-0.244621,0.36936,3.119,-0.029,1.842,0.168893,-0.24563,0.36939,3.119,-0.028,1.842
4.73716,53,0.168897,-0.244621,0.369345,3.119,-0.029,1.842,0.168893,-0.24563,0.36939,3.119,-0.028,1.842
4.74727,53,0.168897,-0.244621,0.36933,3.119,-0.029,1.842,0.168893,-0.24563,0.36939,3.119,-0.028,1.842
4.75738,54,0.168897,-0.244619,0.369315,3.119,-0.029,1.842,0.168925,-0.245622,0.369385,3.118,-0.029,1.842
4.76748,54,0.168897,-0.244612,0.369299,3.119,-0.029,1.842,0.168943,-0.245417,0.36921,3.119,-0.029,1.842
4.77759,54,0.168897,-0.244605,0.369284,3.119,-0.029,1.842,0.168943,-0.245417,0.36921,3.119,-0.029,1.842
4.78765,57,0.168897,-0.244593,0.369267,3.119,-0.029,1.842,0.168943,-0.245417,0.36921,3.119,-0.029,1.842
4.79771,62,0.168897,-0.244576,0.36925,3.119,-0.029,1.842,0.168943,-0.245417,0.36921,3.119,-0.029,1.842
4.80777,62,0.168897,-0.244559,0.369232,3.119,-0.029,1.842,0.168943,-0.245417,0.36921,3.119,-0.029,1.842
4.81783,83,0.168897,-0.244535,0.369217,3.119,-0.029,1.842,0.168943,-0.245417,0.36921,3.119,-0.029,1.842
4.82788,83,0.168897,-0.244512,0.369201,3.119,-0.029,1.842,0.168943,-0.245417,0.36921,3.119,-0.029,1.842
4.83794,105,0.168897,-0.244482,0.369191,3.119,-0.029,1.842,0.168943,-0.245417,0.36921,3.119,-0.029,1.842
4.84799,119,0.168897,-0.244448,0.369183,3.119,-0.029,1.842,0.168943,-0.245417,0.36921,3.119,-0.029,1.842
4.85804,119,0.168897,-0.244414,0.369175,3.119,-0.029,1.842,0.168943,-0.245417,0.36921,3.119,-0.029,1.842
4.8681,121,0.168897,-0.244379,0.36917,3.119,-0.029,1.842,0.168943,-0.245417,0.36921,3.119,-0.029,1.842
4.87815,127,0.168897,-0.244343,0.369165,3.119,-0.029,1.842,0.16886,-0.244683,0.369084,3.119,-0.03,1.843
4.88821,127,0.168896,-0.244307,0.369161,3.119,-0.029,1.842,0.16886,-0.244683,0.369084,3.119,-0.03,1.843
4.89826,143,0.168892,-0.244266,0.369158,3.119,-0.029,1.842,0.16886,-0.244683,0.369084,3.119,-0.03,1.843
4.90832,160,0.168884,-0.24422,0.369157,3.119,-0.029,1.842,0.16886,-0.244683,0.369084,3.119,-0.03,1.843
4.91837,160,0.168877,-0.244174,0.369155,3.119,-0.029,1.842,0.16886,-0.244683,0.369084,3.119,-0.03,1.843
4.92842,169,0.168869,-0.244126,0.369155,3.119,-0.029,1.842,0.16886,-0.244683,0.369084,3.119,-0.03,1.843
4.93848,169,0.168861,-0.244078,0.369155,3.119,-0.029,1.842,0.16886,-0.244683,0.369084,3.119,-0.03,1.843
4.94853,178,0.168851,-0.244027,0.369154,3.119,-0.029,1.842,0.16886,-0.244683,0.369084,3.119,-0.03,1.843
4.95859,192,0.168841,-0.243972,0.369151,3.119,-0.029,1.842,0.16886,-0.244683,0.369084,3.119,-0.03,1.843
4.96864,192,0.168831,-0.243917,0.369149,3.119,-0.029,1.842,0.168793,-0.244065,0.369011,3.119,-0.031,1.844
4.9787,208,0.168821,-0.243858,0.369143,3.119,-0.029,1.842,0.168793,-0.244065,0.369011,3.119,-0.031,1.844
4.98875,220,0.168809,-0.243795,0.369135,3.119,-0.029,1.842,0.168796,-0.244004,0.369022,3.119,-0.031,1.844
4.99881,220,0.168797,-0.243732,0.369126,3.119,-0.029,1.842,0.168796,-0.244004,0.369022,3.119,-0.031,1.844
5.00883,229,0.168782,-0.243667,0.369116,3.119,-0.029,1.842,0.168796,-0.244004,0.369022,3.119,-0.031,1.844
5.01888,229,0.168768,-0.243601,0.369106,3.119,-0.029,1.842,0.168796,-0.244004,0.369022,3.119,-0.031,1.844
5.02893,238,0.168752,-0.243533,0.369094,3.119,-0.029,1.842,0.168796,-0.244004,0.369022,3.119,-0.031,1.844
5.03899,241,0.168736,-0.243464,0.369081,3.119,-0.029,1.842,0.168796,-0.244004,0.369022,3.119,-0.031,1.844
5.04904,241,0.168719,-0.243395,0.369069,3.119,-0.029,1.842,0.168796,-0.244004,0.369022,3.119,-0.031,1.844
5.0591,242,0.168702,-0.243326,0.369055,3.119,-0.029,1.842,0.168773,-0.243899,0.368966,3.119,-0.031,1.844
5.06915,240,0.168685,-0.243258,0.369041,3.119,-0.029,1.842,0.168773,-0.243899,0.368966,3.119,-0.031,1.844
5.07921,240,0.168668,-0.243189,0.369027,3.119,-0.029,1.842,0.168773,-0.243899,0.368966,3.119,-0.031,1.844
5.08926,236,0.168651,-0.243122,0.369013,3.119,-0.029,1.842,0.168773,-0.243899,0.368966,3.119,-0.031,1.844
5.09932,236,0.168633,-0.243054,0.369,3.119,-0.029,1.842,0.168773,-0.243899,0.368966,3.119,-0.031,1.844
5.10937,236,0.168615,-0.242987,0.368989,3.119,-0.029,1.842,0.168773,-0.243899,0.368966,3.119,-0.031,1.844
5.11942,234,0.1686,-0.24292,0.368984,3.119,-0.029,1.842,0.168773,-0.243899,0.368966,3.119,-0.031,1.844
5.12948,234,0.168585,-0.242853,0.36898,3.119,-0.029,1.842,0.168773,-0.243899,0.368966,3.119,-0.031,1.844
5.13953,229,0.168574,-0.242788,0.368979,3.119,-0.029,1.842,0.168773,-0.243899,0.368966,3.119,-0.031,1.844
5.14959,230,0.168565,-0.242722,0.368977,3.119,-0.029,1.842,0.168773,-0.243899,0.368966,3.119,-0.031,1.844
5.15964,230,0.168555,-0.242656,0.368975,3.119,-0.029,1.842,0.168773,-0.243899,0.368966,3.119,-0.031,1.844
5.1697,235,0.168545,-0.242589,0.368971,3.119,-0.029,1.842,0.168773,-0.243899,0.368966,3.119,-0.031,1.844
5.17975,235,0.168535,-0.242522,0.368967,3.119,-0.029,1.842,0.1686,-0.242925,0.368952,3.119,-0.033,1.845
5.1898,235,0.168526,-0.242455,0.368963,3.119,-0.029,1.842,0.1686,-0.242925,0.368952,3.119,-0.033,1.845
5.19983,232,0.168519,-0.242389,0.368959,3.119,-0.029,1.842,0.1686,-0.242925,0.368952,3.119,-0.033,1.845
5.20988,232,0.168511,-0.242322,0.368955,3.119,-0.029,1.842,0.1686,-0.242925,0.368952,3.119,-0.033,1.845
5.21994,232,0.168504,-0.242256,0.368953,3.119,-0.029,1.842,0.1686,-0.242925,0.368952,3.119,-0.033,1.845
5.22999,232,0.168498,-0.24219,0.368952,3.119,-0.029,1.842,0.168433,-0.24217,0.368857,3.119,-0.033,1.845
5.24004,232,0.168492,-0.242123,0.36895,3.119,-0.029,1.842,0.168433,-0.24217,0.368857,3.119,-0.033,1.845
5.2501,234,0.168487,-0.242057,0.368949,3.119,-0.029,1.842,0.168473,-0.242152,0.368844,3.118,-0.033,1.845
5.26015,240,0.168483,-0.241988,0.368947,3.119,-0.029,1.842,0.168473,-0.242152,0.368844,3.118,-0.033,1.845
5.27021,240,0.168479,-0.241919,0.368945,3.119,-0.029,1.842,0.168473,-0.242152,0.368844,3.118,-0.033,1.845
5.28026,242,0.168476,-0.24185,0.368944,3.119,-0.029,1.842,0.168473,-0.242152,0.368844,3.118,-0.033,1.845
5.29031,242,0.168472,-0.241781,0.368943,3.119,-0.029,1.842,0.168473,-0.242152,0.368844,3.118,-0.033,1.845
5.30037,242,0.168469,-0.241712,0.368943,3.119,-0.029,1.842,0.168473,-0.242152,0.368844,3.118,-0.033,1.845
5.31042,243,0.168465,-0.241643,0.368943,3.119,-0.029,1.842,0.168473,-0.242152,0.368844,3.118,-0.033,1.845
5.32048,243,0.168461,-0.241573,0.368943,3.119,-0.029,1.842,0.168473,-0.242152,0.368844,3.118,-0.033,1.845
5.33053,245,0.168458,-0.241503,0.368943,3.119,-0.029,1.842,0.168473,-0.242152,0.368844,3.118,-0.033,1.845
5.34058,254,0.168452,-0.241431,0.368939,3.119,-0.029,1.842,0.168473,-0.242152,0.368844,3.118,-0.033,1.845
5.35064,254,0.168447,-0.241358,0.368935,3.119,-0.029,1.842,0.168473,-0.242152,0.368844,3.118,-0.033,1.845
5.36069,259,0.16844,-0.241284,0.368929,3.119,-0.029,1.842,0.168473,-0.242152,0.368844,3.118,-0.033,1.845
5.37075,259,0.168432,-0.24121,0.368923,3.119,-0.029,1.842,0.168473,-0.242152,0.368844,3.118,-0.033,1.845
5.3808,264,0.168425,-0.241135,0.368918,3.119,-0.029,1.842,0.168473,-0.242152,0.368844,3.118,-0.033,1.845
5.39083,268,0.168419,-0.241058,0.368914,3.119,-0.029,1.842,0.168473,-0.242152,0.368844,3.118,-0.033,1.845
5.40088,268,0.168413,-0.240981,0.36891,3.119,-0.029,1.842,0.168473,-0.242152,0.368844,3.118,-0.033,1.845
5.41093,273,0.168408,-0.240903,0.368905,3.119,-0.029,1.842,0.168473,-0.242152,0.368844,3.118,-0.033,1.845
5.42099,273,0.168403,-0.240825,0.3689,3.119,-0.029,1.842,0.168408,-0.242037,0.368701,3.119,-0.033,1.845
5.43104,273,0.168398,-0.240747,0.368894,3.119,-0.029,1.842,0.168502,-0.241242,0.368769,3.118,-0.032,1.845
5.44109,274,0.168394,-0.240669,0.36889,3.119,-0.029,1.842,0.168502,-0.241242,0.368769,3.118,-0.032,1.845
5.45114,274,0.16839,-0.240591,0.368886,3.119,-0.029,1.842,0.168502,-0.241242,0.368769,3.118,-0.032,1.845
5.4612,274,0.168386,-0.240513,0.368882,3.119,-0.029,1.842,0.168491,-0.241068,0.368894,3.118,-0.031,1.844
5.47125,273,0.168381,-0.240435,0.368879,3.119,-0.029,1.842,0.168491,-0.241068,0.368894,3.118,-0.031,1.844
5.4813,273,0.168377,-0.240357,0.368876,3.119,-0.029,1.842,0.168491,-0.241068,0.368894,3.118,-0.031,1.844
5.49136,273,0.168372,-0.240279,0.368873,3.119,-0.029,1.842,0.168558,-0.240487,0.368889,3.117,-0.031,1.844
5.50141,275,0.168366,-0.2402,0.36887,3.119,-0.029,1.842,0.168558,-0.240487,0.368889,3.117,-0.031,1.844
5.51147,275,0.168361,-0.240121,0.368867,3.119,-0.029,1.842,0.168558,-0.240487,0.368889,3.117,-0.031,1.844
5.52152,273,0.168354,-0.240043,0.368866,3.119,-0.029,1.842,0.168572,-0.240369,0.368891,3.117,-0.031,1.844
5.53158,273,0.168348,-0.239965,0.368865,3.119,-0.029,1.842,0.168572,-0.240369,0.368891,3.117,-0.031,1.844
5.54163,268,0.168342,-0.239889,0.368865,3.119,-0.029,1.842,0.168572,-0.240369,0.368891,3.117,-0.031,1.844
5.55168,263,0.168338,-0.239814,0.368865,3.119,-0.029,1.842,0.168572,-0.240369,0.368891,3.117,-0.031,1.844
5.56174,263,0.168333,-0.239739,0.368865,3.119,-0.029,1.842,0.168558,-0.239821,0.368833,3.117,-0.031,1.844
5.57179,264,0.168328,-0.239663,0.368865,3.119,-0.029,1.842,0.168515,-0.239481,0.368872,3.117,-0.031,1.844
5.58183,265,0.168323,-0.239587,0.368865,3.119,-0.029,1.842,0.168515,-0.239481,0.368872,3.117,-0.031,1.844
5.59188,265,0.168318,-0.239512,0.368865,3.119,-0.029,1.842,0.168464,-0.239353,0.368817,3.117,-0.031,1.844
5.60194,265,0.168313,-0.239436,0.368865,3.119,-0.029,1.842,0.168464,-0.239353,0.368817,3.117,-0.031,1.844
5.61199,263,0.168309,-0.239361,0.368865,3.119,-0.029,1.842,0.168464,-0.239353,0.368817,3.117,-0.031,1.844
5.62204,263,0.168306,-0.239286,0.368865,3.119,-0.029,1.842,0.168464,-0.239353,0.368817,3.117,-0.031,1.844
5.6321,261,0.168303,-0.239211,0.368865,3.119,-0.029,1.842,0.16846,-0.238958,0.368878,3.117,-0.031,1.844
5.64215,261,0.168301,-0.239137,0.368865,3.119,-0.029,1.842,0.16846,-0.238958,0.368878,3.117,-0.031,1.844
5.65221,259,0.1683,-0.239063,0.368865,3.119,-0.029,1.842,0.16846,-0.238958,0.368878,3.117,-0.031,1.844
5.66226,260,0.168298,-0.238988,0.368865,3.119,-0.029,1.842,0.168415,-0.238727,0.36889,3.117,-0.03,1.844
5.67232,260,0.168297,-0.238914,0.368865,3.119,-0.029,1.842,0.168415,-0.238727,0.36889,3.117,-0.03,1.844
5.68237,260,0.168296,-0.23884,0.368864,3.119,-0.029,1.842,0.168388,-0.238454,0.368884,3.117,-0.03,1.843
5.69243,258,0.168294,-0.238766,0.368862,3.119,-0.029,1.842,0.168388,-0.238454,0.368884,3.117,-0.03,1.843
5.70248,258,0.168293,-0.238692,0.368859,3.119,-0.029,1.842,0.168394,-0.238254,0.368897,3.117,-0.03,1.843
5.71253,259,0.168292,-0.238618,0.368857,3.119,-0.029,1.842,0.168394,-0.238254,0.368897,3.117,-0.03,1.843
5.72259,259,0.16829,-0.238544,0.368854,3.119,-0.029,1.842,0.168369,-0.238065,0.368925,3.117,-0.03,1.843
5.73264,261,0.16829,-0.23847,0.368851,3.119,-0.029,1.842,0.168369,-0.238065,0.368925,3.117,-0.03,1.843
5.7427,266,0.168289,-0.238394,0.368846,3.119,-0.029,1.842,0.168353,-0.23791,0.36888,3.117,-0.03,1.843
5.75276,266,0.168289,-0.238318,0.36884,3.119,-0.029,1.842,0.168366,-0.237875,0.368853,3.117,-0.03,1.843
5.76281,270,0.168287,-0.238241,0.368833,3.119,-0.029,1.842,0.168366,-0.237875,0.368853,3.117,-0.03,1.843
5.77283,270,0.168285,-0.238163,0.368827,3.119,-0.029,1.842,0.168365,-0.237701,0.368838,3.117,-0.03,1.843
5.78288,270,0.168283,-0.238086,0.36882,3.119,-0.029,1.842,0.168361,-0.237643,0.368822,3.117,-0.03,1.843
5.79294,270,0.168282,-0.238009,0.368814,3.119,-0.029,1.842,0.168361,-0.237643,0.368822,3.117,-0.03,1.843
5.80299,270,0.168281,-0.237932,0.368808,3.119,-0.029,1.842,0.168358,-0.23751,0.368842,3.117,-0.029,1.843
5.81304,268,0.168281,-0.237855,0.368803,3.119,-0.029,1.842,0.168358,-0.23751,0.368842,3.117,-0.029,1.843
5.8231,268,0.168281,-0.237779,0.368798,3.119,-0.029,1.842,0.16837,-0.237305,0.368809,3.117,-0.03,1.843
5.83315,268,0.168281,-0.237702,0.368793,3.119,-0.029,1.842,0.16837,-0.237305,0.368809,3.117,-0.03,1.843
5.84321,271,0.16828,-0.237625,0.368787,3.119,-0.029,1.842,0.16837,-0.237305,0.368809,3.117,-0.03,1.843
5.85326,271,0.16828,-0.237547,0.368782,3.119,-0.029,1.842,0.16837,-0.237305,0.368809,3.117,-0.03,1.843
5.86332,271,0.16828,-0.23747,0.368776,3.119,-0.029,1.842,0.168385,-0.236991,0.368723,3.118,-0.03,1.843
5.87337,268,0.16828,-0.237393,0.368771,3.119,-0.029,1.842,0.168385,-0.236991,0.368723,3.118,-0.03,1.843
5.88342,268,0.16828,-0.237317,0.368766,3.119,-0.029,1.842,0.168329,-0.236734,0.368711,3.118,-0.03,1.843
5.89348,268,0.16828,-0.23724,0.368761,3.119,-0.029,1.842,0.168329,-0.236734,0.368711,3.118,-0.03,1.843
5.90353,270,0.16828,-0.237163,0.368756,3.119,-0.029,1.842,0.168329,-0.236734,0.368711,3.118,-0.03,1.843
5.91359,270,0.16828,-0.237086,0.36875,3.119,-0.029,1.842,0.168329,-0.236734,0.368711,3.118,-0.03,1.843
5.92364,270,0.16828,-0.237009,0.368744,3.119,-0.029,1.842,0.168329,-0.236734,0.368711,3.118,-0.03,1.843
5.93369,266,0.16828,-0.236933,0.368739,3.119,-0.029,1.842,0.168335,-0.236603,0.368747,3.118,-0.029,1.843
5.94375,266,0.16828,-0.236857,0.368733,3.119,-0.029,1.842,0.168347,-0.236265,0.368722,3.118,-0.029,1.843
5.9538,263,0.16828,-0.236782,0.368729,3.119,-0.029,1.842,0.168347,-0.236265,0.368722,3.118,-0.029,1.843
5.96383,263,0.16828,-0.236707,0.368724,3.119,-0.029,1.842,0.168347,-0.236265,0.368722,3.118,-0.029,1.843
5.97388,260,0.16828,-0.236632,0.368719,3.119,-0.029,1.842,0.168347,-0.236265,0.368722,3.118,-0.029,1.843
5.98394,260,0.16828,-0.236558,0.368713,3.119,-0.029,1.842,0.168347,-0.236265,0.368722,3.118,-0.029,1.843
5.99399,260,0.16828,-0.236484,0.368706,3.119,-0.029,1.842,0.168346,-0.236189,0.368695,3.118,-0.029,1.843
6.00405,263,0.16828,-0.236409,0.368697,3.119,-0.029,1.842,0.168346,-0.236189,0.368695,3.118,-0.029,1.843
6.0141,267,0.16828,-0.236332,0.368687,3.119,-0.029,1.842,0.168346,-0.236189,0.368695,3.118,-0.029,1.843
6.02415,267,0.16828,-0.236256,0.368676,3.119,-0.029,1.842,0.168346,-0.236189,0.368695,3.118,-0.029,1.843
6.03421,268,0.16828,-0.236179,0.368662,3.119,-0.029,1.842,0.168346,-0.236189,0.368695,3.118,-0.029,1.843
6.04426,272,0.16828,-0.236102,0.368645,3.119,-0.029,1.842,0.168346,-0.236189,0.368695,3.118,-0.029,1.843
6.05431,272,0.16828,-0.236024,0.368628,3.119,-0.029,1.842,0.168363,-0.235781,0.368691,3.118,-0.029,1.842
6.06437,276,0.16828,-0.235945,0.368609,3.119,-0.029,1.842,0.168363,-0.235781,0.368691,3.118,-0.029,1.842
6.07442,276,0.16828,-0.235866,0.368589,3.119,-0.029,1.842,0.168363,-0.235781,0.368691,3.118,-0.029,1.842
6.08447,280,0.16828,-0.235786,0.36857,3.119,-0.029,1.842,0.168363,-0.235781,0.368691,3.118,-0.029,1.842
6.09453,281,0.16828,-0.235706,0.368552,3.119,-0.029,1.842,0.168363,-0.235781,0.368691,3.118,-0.029,1.842
6.10458,281,0.16828,-0.235626,0.368535,3.119,-0.029,1.842,0.168363,-0.235781,0.368691,3.118,-0.029,1.842
6.11464,278,0.16828,-0.235546,0.368519,3.119,-0.029,1.842,0.168363,-0.235781,0.368691,3.118,-0.029,1.842
6.12469,279,0.16828,-0.235467,0.368503,3.119,-0.029,1.842,0.168388,-0.23521,0.368554,3.118,-0.029,1.842
6.13475,279,0.16828,-0.235387,0.368488,3.119,-0.029,1.842,0.168388,-0.23521,0.368554,3.118,-0.029,1.842
6.1448,280,0.16828,-0.235307,0.368473,3.119,-0.029,1.842,0.168388,-0.23521,0.368554,3.118,-0.029,1.842
6.15486,280,0.16828,-0.235227,0.368459,3.119,-0.029,1.842,0.168388,-0.23521,0.368554,3.118,-0.029,1.842
6.16491,279,0.16828,-0.235147,0.368445,3.119,-0.029,1.842,0.168381,-0.234729,0.36842,3.118,-0.029,1.842
6.17497,278,0.16828,-0.235068,0.368433,3.119,-0.029,1.842,0.168381,-0.234729,0.36842,3.118,-0.029,1.842
6.18502,278,0.16828,-0.234988,0.368422,3.119,-0.029,1.842,0.168376,-0.234674,0.368408,3.118,-0.029,1.842
6.19508,275,0.16828,-0.23491,0.368411,3.119,-0.029,1.842,0.168376,-0.234674,0.368408,3.118,-0.029,1.842
6.20513,275,0.16828,-0.234831,0.3684,3.119,-0.029,1.842,0.168376,-0.234674,0.368408,3.118,-0.029,1.842
6.21519,275,0.16828,-0.234753,0.368389,3.119,-0.029,1.842,0.168389,-0.234587,0.368381,3.118,-0.029,1.842
6.22524,276,0.16828,-0.234674,0.368377,3.119,-0.029,1.842,0.168389,-0.234587,0.368381,3.118,-0.029,1.842
6.2353,276,0.16828,-0.234595,0.368364,3.119,-0.029,1.842,0.168389,-0.234587,0.368381,3.118,-0.029,1.842
6.24535,276,0.16828,-0.234516,0.36835,3.119,-0.029,1.842,0.168368,-0.234199,0.368397,3.118,-0.029,1.842
6.2554,278,0.16828,-0.234437,0.368334,3.119,-0.029,1.842,0.168391,-0.234131,0.368372,3.118,-0.029,1.842
6.26546,278,0.16828,-0.234357,0.368318,3.119,-0.029,1.842,0.168391,-0.234131,0.368372,3.118,-0.029,1.842
6.27551,279,0.16828,-0.234277,0.368301,3.119,-0.029,1.842,0.168391,-0.234131,0.368372,3.118,-0.029,1.842
6.28557,279,0.16828,-0.234198,0.368284,3.119,-0.029,1.842,0.168414,-0.233953,0.368365,3.118,-0.029,1.842
6.29562,279,0.16828,-0.234118,0.368267,3.119,-0.029,1.842,0.168414,-0.233953,0.368365,3.118,-0.029,1.842
6.30568,279,0.16828,-0.234038,0.36825,3.119,-0.029,1.842,0.168414,-0.233953,0.368365,3.118,-0.029,1.842
6.31573,279,0.16828,-0.233959,0.368233,3.119,-0.029,1.842,0.168414,-0.233953,0.368365,3.118,-0.029,1.842
6.32578,279,0.16828,-0.233879,0.368215,3.119,-0.029,1.842,0.168414,-0.233953,0.368365,3.118,-0.029,1.842
6.33583,279,0.16828,-0.233799,0.368199,3.119,-0.029,1.842,0.168436,-0.233702,0.3683,3.118,-0.029,1.842
6.34588,279,0.16828,-0.233719,0.368182,3.119,-0.029,1.842,0.168436,-0.233702,0.3683,3.118,-0.029,1.842
6.35593,279,0.16828,-0.23364,0.368167,3.119,-0.029,1.842,0.168436,-0.233702,0.3683,3.118,-0.029,1.842
6.36599,278,0.16828,-0.23356,0.368153,3.119,-0.029,1.842,0.168436,-0.233702,0.3683,3.118,-0.029,1.842
6.37604,278,0.16828,-0.233481,0.368139,3.119,-0.029,1.842,0.168436,-0.233702,0.3683,3.118,-0.029,1.842
6.3861,277,0.16828,-0.233402,0.368127,3.119,-0.029,1.842,0.168436,-0.233702,0.3683,3.118,-0.029,1.842
6.39615,277,0.16828,-0.233323,0.368115,3.119,-0.029,1.842,0.168436,-0.233702,0.3683,3.118,-0.029,1.842
6.4062,276,0.16828,-0.233244,0.368105,3.119,-0.029,1.842,0.168436,-0.233702,0.3683,3.118,-0.029,1.842
6.41626,276,0.16828,-0.233165,0.368095,3.119,-0.029,1.842,0.168393,-0.233339,0.36824,3.118,-0.029,1.842
6.42631,276,0.16828,-0.233086,0.368085,3.119,-0.029,1.842,0.168393,-0.233339,0.36824,3.118,-0.029,1.842
6.43637,275,0.16828,-0.233007,0.368076,3.119,-0.029,1.842,0.168393,-0.233339,0.36824,3.118,-0.029,1.842
6.44648,275,0.16828,-0.232929,0.368065,3.119,-0.029,1.842,0.168393,-0.233339,0.36824,3.118,-0.029,1.842
6.45657,275,0.16828,-0.23285,0.368055,3.119,-0.029,1.842,0.168393,-0.233339,0.36824,3.118,-0.029,1.842
6.46666,275,0.16828,-0.232772,0.368043,3.119,-0.029,1.842,0.168393,-0.233339,0.36824,3.118,-0.029,1.842
6.47677,276,0.16828,-0.232693,0.368031,3.119,-0.029,1.842,0.168393,-0.233339,0.36824,3.118,-0.029,1.842
6.48687,276,0.16828,-0.232614,0.368019,3.119,-0.029,1.842,0.168393,-0.233339,0.36824,3.118,-0.029,1.842
6.49697,275,0.16828,-0.232535,0.368007,3.119,-0.029,1.842,0.168393,-0.233339,0.36824,3.118,-0.029,1.842
6.50702,275,0.16828,-0.232457,0.367995,3.119,-0.029,1.842,0.168393,-0.233339,0.36824,3.118,-0.029,1.842
6.51712,272,0.16828,-0.232379,0.367984,3.119,-0.029,1.842,0.168393,-0.233339,0.36824,3.118,-0.029,1.842
6.52722,271,0.16828,-0.232302,0.367976,3.119,-0.029,1.842,0.168393,-0.233339,0.36824,3.118,-0.029,1.842
6.53731,271,0.16828,-0.232224,0.367967,3.119,-0.029,1.842,0.168393,-0.233339,0.36824,3.118,-0.029,1.842
6.5474,270,0.16828,-0.232147,0.367958,3.119,-0.029,1.842,0.168393,-0.233339,0.36824,3.118,-0.029,1.842
6.55751,271,0.16828,-0.23207,0.367948,3.119,-0.029,1.842,0.168393,-0.233339,0.36824,3.118,-0.029,1.842
6.56762,271,0.16828,-0.231992,0.367938,3.119,-0.029,1.842,0.168393,-0.233339,0.36824,3.118,-0.029,1.842
6.57772,271,0.16828,-0.231915,0.367924,3.119,-0.029,1.842,0.168393,-0.233339,0.36824,3.118,-0.029,1.842
6.58781,271,0.16828,-0.231837,0.367911,3.119,-0.029,1.842,0.168399,-0.232792,0.36805,3.118,-0.029,1.842
6.59791,270,0.16828,-0.23176,0.367895,3.119,-0.029,1.842,0.168399,-0.232792,0.36805,3.118,-0.029,1.842
6.60797,269,0.16828,-0.231683,0.367877,3.119,-0.029,1.842,0.168399,-0.232792,0.36805,3.118,-0.029,1.842
6.61803,269,0.16828,-0.231607,0.36786,3.119,-0.029,1.842,0.168399,-0.232792,0.36805,3.118,-0.029,1.842
6.6281,268,0.16828,-0.23153,0.36784,3.119,-0.029,1.842,0.168399,-0.232792,0.36805,3.118,-0.029,1.842
6.63816,263,0.16828,-0.231455,0.367819,3.119,-0.029,1.842,0.168399,-0.232792,0.36805,3.118,-0.029,1.842
6.64821,263,0.16828,-0.23138,0.367799,3.119,-0.029,1.842,0.168305,-0.232388,0.368021,3.118,-0.028,1.842
6.65826,257,0.16828,-0.231306,0.367776,3.119,-0.029,1.842,0.168305,-0.232388,0.368021,3.118,-0.028,1.842
6.66832,231,0.16828,-0.23124,0.367754,3.119,-0.029,1.842,0.168305,-0.232388,0.368021,3.118,-0.028,1.842
6.67837,231,0.16828,-0.231174,0.367733,3.119,-0.029,1.842,0.168305,-0.232388,0.368021,3.118,-0.028,1.842
6.68843,204,0.16828,-0.231116,0.367715,3.119,-0.029,1.842,0.168305,-0.232388,0.368021,3.118,-0.028,1.842
6.69848,204,0.16828,-0.231058,0.367697,3.119,-0.029,1.842,0.168305,-0.232388,0.368021,3.118,-0.028,1.842
6.70853,164,0.16828,-0.231011,0.367685,3.119,-0.029,1.842,0.168282,-0.231585,0.367942,3.118,-0.028,1.842
6.71859,153,0.16828,-0.230978,0.367675,3.119,-0.029,1.842,0.168282,-0.231585,0.367942,3.118,-0.028,1.842
6.72863,116,0.16828,-0.230945,0.367665,3.119,-0.029,1.842,0.168245,-0.231177,0.367876,3.118,-0.028,1.842
6.73868,106,0.16828,-0.230929,0.367653,3.119,-0.029,1.842,0.168245,-0.231177,0.367876,3.118,-0.028,1.842
6.74874,29,0.16828,-0.230929,0.367649,3.119,-0.029,1.842,0.168245,-0.231177,0.367876,3.118,-0.028,1.842
6.75879,29,0.16828,-0.230929,0.367644,3.119,-0.029,1.842,0.168219,-0.231014,0.367837,3.118,-0.028,1.842
6.76883,29,0.16828,-0.230929,0.367644,3.119,-0.029,1.842,0.168219,-0.231014,0.367837,3.118,-0.028,1.842
6.77888,0,0.16828,-0.230929,0.367644,3.119,-0.029,1.842,0.168208,-0.230814,0.367784,3.119,-0.028,1.842
6.78894,4,0.16828,-0.230929,0.367644,3.119,-0.029,1.842,0.168208,-0.230814,0.367784,3.119,-0.028,1.842
6.79899,4,0.16828,-0.230929,0.367644,3.119,-0.029,1.842,0.168203,-0.230773,0.367781,3.119,-0.028,1.842
6.80905,1,0.16828,-0.230929,0.367644,3.119,-0.029,1.842,0.168203,-0.230773,0.367781,3.119,-0.028,1.842
6.8191,1,0.16828,-0.230929,0.367644,3.119,-0.029,1.842,0.168203,-0.230773,0.367781,3.119,-0.028,1.842
6.82916,0,0.16828,-0.230929,0.367644,3.119,-0.029,1.842,0.168203,-0.230773,0.367781,3.119,-0.028,1.842
6.83921,0,0.16828,-0.230929,0.367644,3.119,-0.029,1.842,0.168203,-0.230773,0.367781,3.119,-0.028,1.842
6.84927,0,0.16828,-0.230929,0.367644,3.119,-0.029,1.842,0.168203,-0.230773,0.367781,3.119,-0.028,1.842
6.85932,0,0.16828,-0.230929,0.367644,3.119,-0.029,1.842,0.168203,-0.230773,0.367781,3.119,-0.028,1.842
6.86938,0,0.16828,-0.230929,0.367644,3.119,-0.029,1.842,0.168203,-0.230773,0.367781,3.119,-0.028,1.842
6.87943,0,0.16828,-0.230929,0.367644,3.119,-0.029,1.842,0.168203,-0.230773,0.367781,3.119,-0.028,1.842
6.88948,0,0.16828,-0.230929,0.367644,3.119,-0.029,1.842,0.168203,-0.230773,0.367781,3.119,-0.028,1.842
6.89954,0,0.16828,-0.230929,0.367644,3.119,-0.029,1.842,0.168242,-0.230727,0.367796,3.119,-0.028,1.842
6.90959,0,0.16828,-0.230929,0.367644,3.119,-0.029,1.842,0.168242,-0.230727,0.367796,3.119,-0.028,1.842
6.91965,0,0.16828,-0.230929,0.367644,3.119,-0.029,1.842,0.168242,-0.230727,0.367796,3.119,-0.028,1.842
6.9297,0,0.16828,-0.230929,0.367644,3.119,-0.029,1.842,0.168242,-0.230727,0.367796,3.119,-0.028,1.842
6.93976,0,0.16828,-0.230929,0.367644,3.119,-0.029,1.842,0.168242,-0.230727,0.367796,3.119,-0.028,1.842
6.94981,0,0.16828,-0.230929,0.367644,3.119,-0.029,1.842,0.168242,-0.230727,0.367796,3.119,-0.028,1.842
6.95983,0,0.16828,-0.230929,0.367644,3.119,-0.029,1.842,0.168242,-0.230727,0.367796,3.119,-0.028,1.842
6.96988,0,0.16828,-0.230929,0.367644,3.119,-0.029,1.842,0.168242,-0.230727,0.367796,3.119,-0.028,1.842
6.97994,0,0.16828,-0.230929,0.367644,3.119,-0.029,1.842,0.168242,-0.230727,0.367796,3.119,-0.028,1.842
6.98999,0,0.16828,-0.230929,0.367644,3.119,-0.029,1.842,0.168238,-0.230731,0.367786,3.119,-0.028,1.842
7.00004,0,0.16828,-0.230929,0.367644,3.119,-0.029,1.842,0.168238,-0.230731,0.367786,3.119,-0.028,1.842
7.0101,0,0.16828,-0.230929,0.367644,3.119,-0.029,1.842,0.168238,-0.230731,0.367786,3.119,-0.028,1.842
7.02015,0,0.16828,-0.230929,0.367644,3.119,-0.029,1.842,0.168238,-0.230731,0.367786,3.119,-0.028,1.842
7.03021,0,0.16828,-0.230929,0.367644,3.119,-0.029,1.842,0.168238,-0.230731,0.367786,3.119,-0.028,1.842
7.04026,0,0.16828,-0.230929,0.367644,3.119,-0.029,1.842,0.168238,-0.230731,0.367786,3.119,-0.028,1.842
7.05031,0,0.16828,-0.230929,0.367644,3.119,-0.029,1.842,0.168238,-0.230731,0.367786,3.119,-0.028,1.842
7.06037,0,0.16828,-0.230929,0.367644,3.119,-0.029,1.842,0.168188,-0.230771,0.367797,3.119,-0.028,1.841
7.07042,0,0.16828,-0.230929,0.367644,3.119,-0.029,1.842,0.168188,-0.230771,0.367797,3.119,-0.028,1.841
7.08047,0,0.16828,-0.230929,0.367644,3.119,-0.029,1.842,0.168188,-0.230771,0.367797,3.119,-0.028,1.841
7.09052,0,0.16828,-0.230929,0.367644,3.119,-0.029,1.842,0.168188,-0.230771,0.367797,3.119,-0.028,1.841
7.10058,0,0.16828,-0.230929,0.367644,3.119,-0.029,1.842,0.168188,-0.230771,0.367797,3.119,-0.028,1.841
7.11063,0,0.16828,-0.230929,0.367644,3.119,-0.029,1.842,0.168188,-0.230771,0.367797,3.119,-0.028,1.841
7.12069,0,0.16828,-0.230929,0.367644,3.119,-0.029,1.842,0.168188,-0.230771,0.367797,3.119,-0.028,1.841
7.13074,0,0.16828,-0.230929,0.367644,3.119,-0.029,1.842,0.168188,-0.230771,0.367797,3.119,-0.028,1.841
7.1408,0,0.16828,-0.230929,0.367644,3.119,-0.029,1.842,0.168188,-0.230771,0.367797,3.119,-0.028,1.841
7.15084,0,0.16828,-0.230929,0.367644,3.119,-0.029,1.842,0.168188,-0.230771,0.367797,3.119,-0.028,1.841
7.16089,0,0.16828,-0.230929,0.367644,3.119,-0.029,1.842,0.168188,-0.230771,0.367797,3.119,-0.028,1.841
7.17094,0,0.16828,-0.230929,0.367644,3.119,-0.029,1.842,0.168188,-0.230771,0.367797,3.119,-0.028,1.841
7.18099,0,0.16828,-0.230929,0.367644,3.119,-0.029,1.842,0.168168,-0.230786,0.367788,3.119,-0.028,1.841
7.19104,0,0.16828,-0.230929,0.367644,3.119,-0.029,1.842,0.168168,-0.230786,0.367788,3.119,-0.028,1.841
7.2011,0,0.16828,-0.230929,0.367644,3.119,-0.029,1.842,0.168168,-0.230786,0.367788,3.119,-0.028,1.841
7.21115,0,0.16828,-0.230929,0.367644,3.119,-0.029,1.842,0.168168,-0.230786,0.367788,3.119,-0.028,1.841
7.2212,0,0.16828,-0.230929,0.367644,3.119,-0.029,1.842,0.168168,-0.230786,0.367788,3.119,-0.028,1.841
7.23125,0,0.16828,-0.230929,0.367644,3.119,-0.029,1.842,0.168168,-0.230786,0.367788,3.119,-0.028,1.841
7.24131,0,0.16828,-0.230929,0.367644,3.119,-0.029,1.842,0.168168,-0.230786,0.367788,3.119,-0.028,1.841
7.25136,0,0.16828,-0.230929,0.367644,3.119,-0.029,1.842,0.168168,-0.230786,0.367788,3.119,-0.028,1.841
7.26141,0,0.16828,-0.230929,0.367644,3.119,-0.029,1.842,0.168168,-0.230786,0.367788,3.119,-0.028,1.841
7.27147,0,0.16828,-0.230929,0.367644,3.119,-0.029,1.842,0.168168,-0.230786,0.367788,3.119,-0.028,1.841
7.28152,0,0.16828,-0.230929,0.367644,3.119,-0.029,1.842,0.168168,-0.230786,0.367788,3.119,-0.028,1.841
7.29157,0,0.16828,-0.230929,0.367644,3.119,-0.029,1.842,0.168168,-0.230786,0.367788,3.119,-0.028,1.841
7.30162,0,0.16828,-0.230929,0.367644,3.119,-0.029,1.842,0.168168,-0.230786,0.367788,3.119,-0.028,1.841
7.31168,0,0.16828,-0.230929,0.367644,3.119,-0.029,1.842,0.168168,-0.230786,0.367788,3.119,-0.028,1.841
7.32173,0,0.16828,-0.230929,0.367644,3.119,-0.029,1.842,0.168168,-0.230786,0.367788,3.119,-0.028,1.841
7.33178,0,0.16828,-0.230929,0.367644,3.119,-0.029,1.842,0.168168,-0.230786,0.367788,3.119,-0.028,1.841
7.34182,0,0.16828,-0.230929,0.367644,3.119,-0.029,1.842,0.168168,-0.230786,0.367788,3.119,-0.028,1.841
7.35188,0,0.16828,-0.230929,0.367644,3.119,-0.029,1.842,0.168168,-0.230786,0.367788,3.119,-0.028,1.841
7.36193,0,0.16828,-0.230929,0.367644,3.119,-0.029,1.842,0.168168,-0.230786,0.367788,3.119,-0.028,1.841
7.37198,0,0.16828,-0.230929,0.367644,3.119,-0.029,1.842,0.168168,-0.230786,0.367788,3.119,-0.028,1.841
7.38203,0,0.16828,-0.230929,0.367644,3.119,-0.029,1.842,0.168168,-0.230786,0.367788,3.119,-0.028,1.841
7.39209,0,0.16828,-0.230929,0.367644,3.119,-0.029,1.842,0.168168,-0.230786,0.367788,3.119,-0.028,1.841
7.40214,0,0.16828,-0.230929,0.367644,3.119,-0.029,1.842,0.168168,-0.230786,0.367788,3.119,-0.028,1.841
7.4122,0,0.16828,-0.230929,0.367644,3.119,-0.029,1.842,0.168168,-0.230786,0.367788,3.119,-0.028,1.841
7.42225,0,0.16828,-0.230929,0.367644,3.119,-0.029,1.842,0.168168,-0.230786,0.367788,3.119,-0.028,1.841
7.4323,0,0.16828,-0.230929,0.367644,3.119,-0.029,1.842,0.168168,-0.230786,0.367788,3.119,-0.028,1.841
7.44235,0,0.16828,-0.230929,0.367644,3.119,-0.029,1.842,0.168168,-0.230786,0.367788,3.119,-0.028,1.841
7.45241,0,0.16828,-0.230929,0.367644,3.119,-0.029,1.842,0.168168,-0.230786,0.367788,3.119,-0.028,1.841
7.46246,0,0.16828,-0.230929,0.367644,3.119,-0.029,1.842,0.168168,-0.230786,0.367788,3.119,-0.028,1.841
7.47251,0,0.16828,-0.230929,0.367644,3.119,-0.029,1.842,0.168168,-0.230786,0.367788,3.119,-0.028,1.841
7.48257,0,0.16828,-0.230929,0.367644,3.119,-0.029,1.842,0.168168,-0.230786,0.367788,3.119,-0.028,1.841
7.49262,0,0.16828,-0.230929,0.367644,3.119,-0.029,1.842,0.168168,-0.230786,0.367788,3.119,-0.028,1.841
7.50267,0,0.16828,-0.230929,0.367644,3.119,-0.029,1.842,0.168168,-0.230786,0.367788,3.119,-0.028,1.841
7.51273,0,0.16828,-0.230929,0.367644,3.119,-0.029,1.842,0.168168,-0.230786,0.367788,3.119,-0.028,1.841
7.52278,0,0.16828,-0.230929,0.367644,3.119,-0.029,1.842,0.168168,-0.230786,0.367788,3.119,-0.028,1.841
7.53283,0,0.16828,-0.230929,0.367644,3.119,-0.029,1.842,0.168168,-0.230786,0.367788,3.119,-0.028,1.841
7.54288,0,0.16828,-0.230929,0.367644,3.119,-0.029,1.842,0.168168,-0.230786,0.367788,3.119,-0.028,1.841
7.55293,0,0.16828,-0.230929,0.367644,3.119,-0.029,1.842,0.168168,-0.230786,0.367788,3.119,-0.028,1.841
7.56298,0,0.16828,-0.230929,0.367644,3.119,-0.029,1.842,0.168158,-0.230833,0.367786,3.119,-0.028,1.841
7.57304,0,0.16828,-0.230929,0.367644,3.119,-0.029,1.842,0.168158,-0.230833,0.367786,3.119,-0.028,1.841
7.58309,0,0.16828,-0.230929,0.367644,3.119,-0.029,1.842,0.168158,-0.230833,0.367786,3.119,-0.028,1.841
7.59314,0,0.16828,-0.230929,0.367644,3.119,-0.029,1.842,0.168158,-0.230833,0.367786,3.119,-0.028,1.841
7.60319,0,0.16828,-0.230929,0.367644,3.119,-0.029,1.842,0.168158,-0.230833,0.367786,3.119,-0.028,1.841
7.61325,0,0.16828,-0.230929,0.367644,3.119,-0.029,1.842,0.168158,-0.230833,0.367786,3.119,-0.028,1.841
7.6233,0,0.16828,-0.230929,0.367644,3.119,-0.029,1.842,0.168158,-0.230833,0.367786,3.119,-0.028,1.841
7.63335,0,0.16828,-0.230929,0.367644,3.119,-0.029,1.842,0.168158,-0.230833,0.367786,3.119,-0.028,1.841
7.6434,0,0.16828,-0.230929,0.367644,3.119,-0.029,1.842,0.168149,-0.230909,0.367766,3.119,-0.028,1.841
7.65346,0,0.16828,-0.230929,0.367644,3.119,-0.029,1.842,0.168149,-0.230909,0.367766,3.119,-0.028,1.841
7.66351,0,0.16828,-0.230929,0.367644,3.119,-0.029,1.842,0.168149,-0.230909,0.367766,3.119,-0.028,1.841
7.67356,0,0.16828,-0.230929,0.367644,3.119,-0.029,1.842,0.168149,-0.230909,0.367766,3.119,-0.028,1.841
7.68362,0,0.16828,-0.230929,0.367644,3.119,-0.029,1.842,0.168149,-0.230909,0.367766,3.119,-0.028,1.841
7.69367,0,0.16828,-0.230929,0.367644,3.119,-0.029,1.842,0.168149,-0.230909,0.367766,3.119,-0.028,1.841
7.70372,0,0.16828,-0.230929,0.367644,3.119,-0.029,1.842,0.168149,-0.230909,0.367766,3.119,-0.028,1.841
7.71378,0,0.16828,-0.230929,0.367644,3.119,-0.029,1.842,0.168149,-0.230909,0.367766,3.119,-0.028,1.841
7.72383,0,0.16828,-0.230929,0.367644,3.119,-0.029,1.842,0.168149,-0.230909,0.367766,3.119,-0.028,1.841
7.73388,0,0.16828,-0.230929,0.367644,3.119,-0.029,1.842,0.168149,-0.230909,0.367766,3.119,-0.028,1.841
7.74393,0,0.16828,-0.230929,0.367644,3.119,-0.029,1.842,0.168149,-0.230909,0.367766,3.119,-0.028,1.841
7.75399,0,0.16828,-0.230929,0.367644,3.119,-0.029,1.842,0.168149,-0.230909,0.367766,3.119,-0.028,1.841
7.76404,0,0.16828,-0.230929,0.367644,3.119,-0.029,1.842,0.168149,-0.230909,0.367766,3.119,-0.028,1.841
7.77409,0,0.16828,-0.230929,0.367644,3.119,-0.029,1.842,0.168149,-0.230909,0.367766,3.119,-0.028,1.841
7.78414,0,0.16828,-0.230929,0.367644,3.119,-0.029,1.842,0.168181,-0.230994,0.367643,3.12,-0.028,1.841
7.7942,0,0.16828,-0.230929,0.367644,3.119,-0.029,1.842,0.168181,-0.230994,0.367643,3.12,-0.028,1.841
7.80425,0,0.16828,-0.230929,0.367644,3.119,-0.029,1.842,0.168181,-0.230994,0.367643,3.12,-0.028,1.841
7.8143,0,0.16828,-0.230929,0.367644,3.119,-0.029,1.842,0.168144,-0.231024,0.367645,3.12,-0.028,1.84
7.82436,0,0.16828,-0.230929,0.367644,3.119,-0.029,1.842,0.168144,-0.231024,0.367645,3.12,-0.028,1.84
7.83441,0,0.16828,-0.230929,0.367644,3.119,-0.029,1.842,0.168144,-0.231024,0.367645,3.12,-0.028,1.84
7.84446,0,0.16828,-0.230929,0.367644,3.119,-0.029,1.842,0.168144,-0.231024,0.367645,3.12,-0.028,1.84
7.85452,0,0.16828,-0.230929,0.367644,3.119,-0.029,1.842,0.168144,-0.231024,0.367645,3.12,-0.028,1.84
7.86457,0,0.16828,-0.230929,0.367644,3.119,-0.029,1.842,0.168144,-0.231024,0.367645,3.12,-0.028,1.84
7.87462,0,0.16828,-0.230929,0.367644,3.119,-0.029,1.842,0.168144,-0.231024,0.367645,3.12,-0.028,1.84
7.88467,0,0.16828,-0.230929,0.367644,3.119,-0.029,1.842,0.168144,-0.231024,0.367645,3.12,-0.028,1.84
7.89473,0,0.16828,-0.230929,0.367644,3.119,-0.029,1.842,0.168144,-0.231024,0.367645,3.12,-0.028,1.84
7.90478,0,0.16828,-0.230929,0.367644,3.119,-0.029,1.842,0.168144,-0.231024,0.367645,3.12,-0.028,1.84
7.91483,0,0.16828,-0.230929,0.367644,3.119,-0.029,1.842,0.168144,-0.231024,0.367645,3.12,-0.028,1.84
7.92489,0,0.16828,-0.230929,0.367644,3.119,-0.029,1.842,0.168144,-0.231024,0.367645,3.12,-0.028,1.84
7.93494,0,0.16828,-0.230929,0.367644,3.119,-0.029,1.842,0.168144,-0.231024,0.367645,3.12,-0.028,1.84
7.94499,0,0.16828,-0.230929,0.367644,3.119,-0.029,1.842,0.168144,-0.231024,0.367645,3.12,-0.028,1.84
7.95505,0,0.16828,-0.230929,0.367644,3.119,-0.029,1.842,0.168144,-0.231024,0.367645,3.12,-0.028,1.84
7.9651,0,0.16828,-0.230929,0.367644,3.119,-0.029,1.842,0.168144,-0.231024,0.367645,3.12,-0.028,1.84
7.97516,0,0.16828,-0.230929,0.367644,3.119,-0.029,1.842,0.168144,-0.231024,0.367645,3.12,-0.028,1.84
7.98521,0,0.16828,-0.230929,0.367644,3.119,-0.029,1.842,0.168144,-0.231024,0.367645,3.12,-0.028,1.84
7.99526,0,0.16828,-0.230929,0.367644,3.119,-0.029,1.842,0.168144,-0.231024,0.367645,3.12,-0.028,1.84
8.00532,0,0.16828,-0.230929,0.367644,3.119,-0.029,1.842,0.168144,-0.231024,0.367645,3.12,-0.028,1.84
8.01537,0,0.16828,-0.230929,0.367644,3.119,-0.029,1.842,0.168144,-0.231024,0.367645,3.12,-0.028,1.84
8.02542,0,0.16828,-0.230929,0.367644,3.119,-0.029,1.842,0.168129,-0.231016,0.367655,3.12,-0.028,1.84
8.03548,0,0.16828,-0.230929,0.367644,3.119,-0.029,1.842,0.168129,-0.231016,0.367655,3.12,-0.028,1.84
8.04553,0,0.16828,-0.230929,0.367644,3.119,-0.029,1.842,0.168129,-0.231016,0.367655,3.12,-0.028,1.84
8.05559,0,0.16828,-0.230929,0.367644,3.119,-0.029,1.842,0.168146,-0.231015,0.367645,3.12,-0.028,1.84
8.06564,0,0.16828,-0.230929,0.367644,3.119,-0.029,1.842,0.168146,-0.231015,0.367645,3.12,-0.028,1.84
8.07569,0,0.16828,-0.230929,0.367644,3.119,-0.029,1.842,0.168146,-0.231015,0.367645,3.12,-0.028,1.84
8.08575,0,0.16828,-0.230929,0.367644,3.119,-0.029,1.842,0.168146,-0.231015,0.367645,3.12,-0.028,1.84
8.0958,0,0.16828,-0.230929,0.367644,3.119,-0.029,1.842,0.168146,-0.231015,0.367645,3.12,-0.028,1.84
8.10583,0,0.16828,-0.230929,0.367644,3.119,-0.029,1.842,0.168146,-0.231015,0.367645,3.12,-0.028,1.84
8.11588,0,0.16828,-0.230929,0.367644,3.119,-0.029,1.842,0.168146,-0.231015,0.367645,3.12,-0.028,1.84
8.12593,0,0.16828,-0.230929,0.367644,3.119,-0.029,1.842,0.168146,-0.231015,0.367645,3.12,-0.028,1.84
8.13599,0,0.16828,-0.230929,0.367644,3.119,-0.029,1.842,0.168146,-0.231015,0.367645,3.12,-0.028,1.84
8.14604,0,0.16828,-0.230929,0.367644,3.119,-0.029,1.842,0.168146,-0.231015,0.367645,3.12,-0.028,1.84
8.15609,0,0.16828,-0.230929,0.367644,3.119,-0.029,1.842,0.168142,-0.231021,0.367644,3.12,-0.028,1.84
8.16615,0,0.16828,-0.230929,0.367644,3.119,-0.029,1.842,0.168142,-0.231021,0.367644,3.12,-0.028,1.84
8.1762,0,0.16828,-0.230929,0.367644,3.119,-0.029,1.842,0.168142,-0.231021,0.367644,3.12,-0.028,1.84
8.18626,0,0.16828,-0.230929,0.367644,3.119,-0.029,1.842,0.168167,-0.230995,0.367656,3.12,-0.028,1.84
8.19631,0,0.16828,-0.230929,0.367644,3.119,-0.029,1.842,0.168167,-0.230995,0.367656,3.12,-0.028,1.84
8.20636,0,0.16828,-0.230929,0.367644,3.119,-0.029,1.842,0.168167,-0.230995,0.367656,3.12,-0.028,1.84
8.21642,0,0.16828,-0.230929,0.367644,3.119,-0.029,1.842,0.168167,-0.230995,0.367656,3.12,-0.028,1.84
8.22647,0,0.16828,-0.230929,0.367644,3.119,-0.029,1.842,0.168167,-0.230995,0.367656,3.12,-0.028,1.84
8.23652,0,0.16828,-0.230929,0.367644,3.119,-0.029,1.842,0.168167,-0.230995,0.367656,3.12,-0.028,1.84
8.24658,0,0.16828,-0.230929,0.367644,3.119,-0.029,1.842,0.168167,-0.230995,0.367656,3.12,-0.028,1.84
8.25663,0,0.16828,-0.230929,0.367644,3.119,-0.029,1.842,0.168169,-0.231,0.367654,3.12,-0.028,1.84
8.26668,0,0.16828,-0.230929,0.367644,3.119,-0.029,1.842,0.168169,-0.231,0.367654,3.12,-0.028,1.84
8.27674,0,0.16828,-0.230929,0.367644,3.119,-0.029,1.842,0.168169,-0.231,0.367654,3.12,-0.028,1.84
8.28679,0,0.16828,-0.230929,0.367644,3.119,-0.029,1.842,0.168173,-0.230996,0.367658,3.12,-0.028,1.84
8.29687,0,0.16828,-0.230929,0.367644,3.119,-0.029,1.842,0.168173,-0.230996,0.367658,3.12,-0.028,1.84
8.30697,0,0.16828,-0.230929,0.367644,3.119,-0.029,1.842,0.168173,-0.230996,0.367658,3.12,-0.028,1.84
8.31707,0,0.16828,-0.230929,0.367644,3.119,-0.029,1.842,0.168173,-0.230996,0.367658,3.12,-0.028,1.84
8.32718,0,0.16828,-0.230929,0.367644,3.119,-0.029,1.842,0.168173,-0.230996,0.367658,3.12,-0.028,1.84
8.33723,0,0.16828,-0.230929,0.367644,3.119,-0.029,1.842,0.168173,-0.230996,0.367658,3.12,-0.028,1.84
8.34728,0,0.16828,-0.230929,0.367644,3.119,-0.029,1.842,0.168173,-0.230996,0.367658,3.12,-0.028,1.84
8.35734,0,0.16828,-0.230929,0.367644,3.119,-0.029,1.842,0.168173,-0.230996,0.367658,3.12,-0.028,1.84
8.36739,0,0.16828,-0.230929,0.367644,3.119,-0.029,1.842,0.168173,-0.230996,0.367658,3.12,-0.028,1.84
8.37744,0,0.16828,-0.230929,0.367644,3.119,-0.029,1.842,0.168173,-0.230996,0.367658,3.12,-0.028,1.84
8.3875,0,0.16828,-0.230929,0.367644,3.119,-0.029,1.842,0.168173,-0.230996,0.367658,3.12,-0.028,1.84
8.39755,0,0.16828,-0.230929,0.367644,3.119,-0.029,1.842,0.168173,-0.230996,0.367658,3.12,-0.028,1.84
8.40761,0,0.16828,-0.230929,0.367644,3.119,-0.029,1.842,0.168201,-0.230982,0.367651,3.12,-0.028,1.84
8.41766,0,0.16828,-0.230929,0.367644,3.119,-0.029,1.842,0.168201,-0.230982,0.367651,3.12,-0.028,1.84
8.42772,0,0.16828,-0.230929,0.367644,3.119,-0.029,1.842,0.168201,-0.230982,0.367651,3.12,-0.028,1.84
8.43777,0,0.16828,-0.230929,0.367644,3.119,-0.029,1.842,0.168201,-0.230982,0.367651,3.12,-0.028,1.84
8.44783,0,0.16828,-0.230929,0.367644,3.119,-0.029,1.842,0.168201,-0.230982,0.367651,3.12,-0.028,1.84
8.45788,0,0.16828,-0.230929,0.367644,3.119,-0.029,1.842,0.168201,-0.230982,0.367651,3.12,-0.028,1.84
8.46793,0,0.16828,-0.230929,0.367644,3.119,-0.029,1.842,0.168201,-0.230982,0.367651,3.12,-0.028,1.84
8.47799,0,0.16828,-0.230929,0.367644,3.119,-0.029,1.842,0.168201,-0.230982,0.367651,3.12,-0.028,1.84
8.48804,0,0.16828,-0.230929,0.367644,3.119,-0.029,1.842,0.168201,-0.230982,0.367651,3.12,-0.028,1.84
8.4981,0,0.16828,-0.230929,0.367644,3.119,-0.029,1.842,0.168223,-0.230957,0.367641,3.12,-0.028,1.84
8.50815,0,0.16828,-0.230929,0.367644,3.119,-0.029,1.842,0.168223,-0.230957,0.367641,3.12,-0.028,1.84
8.51821,0,0.16828,-0.230929,0.367644,3.119,-0.029,1.842,0.168223,-0.230957,0.367641,3.12,-0.028,1.84
